cluster,container,cpu,id,image,instance,job,name,namespace,pod,timestamp,value
aks-sk-aks-eus2-dev,order-service,total,/kubepods.slice/kubepods-burstable.slice/kubepods-burstable-pod506b125f_2d59_4dde_81cb_bd946a55e435.slice/cri-containerd-580228e449c23b1d68926d23b2c19630944823db6ff7c8cad62617e153cc2a3c.scope,ghcr.io/azure-samples/aks-store-demo/order-service:latest,aks-agentpool-16759353-vmss000007,cadvisor,580228e449c23b1d68926d23b2c19630944823db6ff7c8cad62617e153cc2a3c,azure-store,order-service-5b6fbf9bcc-kzfc9,1746680400,0.00000010980033932568047
aks-sk-aks-eus2-dev,order-service,total,/kubepods.slice/kubepods-burstable.slice/kubepods-burstable-pod506b125f_2d59_4dde_81cb_bd946a55e435.slice/cri-containerd-580228e449c23b1d68926d23b2c19630944823db6ff7c8cad62617e153cc2a3c.scope,ghcr.io/azure-samples/aks-store-demo/order-service:latest,aks-agentpool-16759353-vmss000007,cadvisor,580228e449c23b1d68926d23b2c19630944823db6ff7c8cad62617e153cc2a3c,azure-store,order-service-5b6fbf9bcc-kzfc9,1746766800,0.00000010980033932568047
aks-sk-aks-eus2-dev,order-service,total,/kubepods.slice/kubepods-burstable.slice/kubepods-burstable-pod506b125f_2d59_4dde_81cb_bd946a55e435.slice/cri-containerd-580228e449c23b1d68926d23b2c19630944823db6ff7c8cad62617e153cc2a3c.scope,ghcr.io/azure-samples/aks-store-demo/order-service:latest,aks-agentpool-16759353-vmss000007,cadvisor,580228e449c23b1d68926d23b2c19630944823db6ff7c8cad62617e153cc2a3c,azure-store,order-service-5b6fbf9bcc-kzfc9,1746853200,0.00000010980033932568047
aks-sk-aks-eus2-dev,order-service,total,/kubepods.slice/kubepods-burstable.slice/kubepods-burstable-pod506b125f_2d59_4dde_81cb_bd946a55e435.slice/cri-containerd-580228e449c23b1d68926d23b2c19630944823db6ff7c8cad62617e153cc2a3c.scope,ghcr.io/azure-samples/aks-store-demo/order-service:latest,aks-agentpool-16759353-vmss000007,cadvisor,580228e449c23b1d68926d23b2c19630944823db6ff7c8cad62617e153cc2a3c,azure-store,order-service-5b6fbf9bcc-kzfc9,1746939600,0.00000010980033932568047
aks-sk-aks-eus2-dev,order-service,total,/kubepods.slice/kubepods-burstable.slice/kubepods-burstable-pod506b125f_2d59_4dde_81cb_bd946a55e435.slice/cri-containerd-580228e449c23b1d68926d23b2c19630944823db6ff7c8cad62617e153cc2a3c.scope,ghcr.io/azure-samples/aks-store-demo/order-service:latest,aks-agentpool-16759353-vmss000007,cadvisor,580228e449c23b1d68926d23b2c19630944823db6ff7c8cad62617e153cc2a3c,azure-store,order-service-5b6fbf9bcc-kzfc9,1747026000,0.00000010980033932568047
aks-sk-aks-eus2-dev,order-service,total,/kubepods.slice/kubepods-burstable.slice/kubepods-burstable-pod506b125f_2d59_4dde_81cb_bd946a55e435.slice/cri-containerd-580228e449c23b1d68926d23b2c19630944823db6ff7c8cad62617e153cc2a3c.scope,ghcr.io/azure-samples/aks-store-demo/order-service:latest,aks-agentpool-16759353-vmss000007,cadvisor,580228e449c23b1d68926d23b2c19630944823db6ff7c8cad62617e153cc2a3c,azure-store,order-service-5b6fbf9bcc-kzfc9,1747112400,0.00000010980033932568047
aks-sk-aks-eus2-dev,order-service,total,/kubepods.slice/kubepods-burstable.slice/kubepods-burstable-pod506b125f_2d59_4dde_81cb_bd946a55e435.slice/cri-containerd-580228e449c23b1d68926d23b2c19630944823db6ff7c8cad62617e153cc2a3c.scope,ghcr.io/azure-samples/aks-store-demo/order-service:latest,aks-agentpool-16759353-vmss000007,cadvisor,580228e449c23b1d68926d23b2c19630944823db6ff7c8cad62617e153cc2a3c,azure-store,order-service-5b6fbf9bcc-kzfc9,1747198800,0.00000010980033932568047
aks-sk-aks-eus2-dev,order-service,total,/kubepods.slice/kubepods-burstable.slice/kubepods-burstable-pod506b125f_2d59_4dde_81cb_bd946a55e435.slice/cri-containerd-580228e449c23b1d68926d23b2c19630944823db6ff7c8cad62617e153cc2a3c.scope,ghcr.io/azure-samples/aks-store-demo/order-service:latest,aks-agentpool-16759353-vmss000007,cadvisor,580228e449c23b1d68926d23b2c19630944823db6ff7c8cad62617e153cc2a3c,azure-store,order-service-5b6fbf9bcc-kzfc9,1747285200,0.00000010980033932568047
aks-sk-aks-eus2-dev,order-service,total,/kubepods.slice/kubepods-burstable.slice/kubepods-burstable-pod506b125f_2d59_4dde_81cb_bd946a55e435.slice/cri-containerd-580228e449c23b1d68926d23b2c19630944823db6ff7c8cad62617e153cc2a3c.scope,ghcr.io/azure-samples/aks-store-demo/order-service:latest,aks-agentpool-16759353-vmss000007,cadvisor,580228e449c23b1d68926d23b2c19630944823db6ff7c8cad62617e153cc2a3c,azure-store,order-service-5b6fbf9bcc-kzfc9,1747371600,0.00000010980033932568047
aks-sk-aks-eus2-dev,order-service,total,/kubepods.slice/kubepods-burstable.slice/kubepods-burstable-pod68166d7f_eb2c_438c_8e83_73067238aaf9.slice/cri-containerd-23f7c7d7efd8b694c5208426f22cc6f249f589f7bc76370202558b367575d0e6.scope,ghcr.io/azure-samples/aks-store-demo/order-service:latest,aks-agentpool-16759353-vmss000009,cadvisor,23f7c7d7efd8b694c5208426f22cc6f249f589f7bc76370202558b367575d0e6,azure-store,order-service-5b6fbf9bcc-l47dl,1746766800,0.00000011377407676571921
aks-sk-aks-eus2-dev,order-service,total,/kubepods.slice/kubepods-burstable.slice/kubepods-burstable-pod68166d7f_eb2c_438c_8e83_73067238aaf9.slice/cri-containerd-23f7c7d7efd8b694c5208426f22cc6f249f589f7bc76370202558b367575d0e6.scope,ghcr.io/azure-samples/aks-store-demo/order-service:latest,aks-agentpool-16759353-vmss000009,cadvisor,23f7c7d7efd8b694c5208426f22cc6f249f589f7bc76370202558b367575d0e6,azure-store,order-service-5b6fbf9bcc-l47dl,1746853200,0.00000011377407676571921
aks-sk-aks-eus2-dev,order-service,total,/kubepods.slice/kubepods-burstable.slice/kubepods-burstable-pod68166d7f_eb2c_438c_8e83_73067238aaf9.slice/cri-containerd-23f7c7d7efd8b694c5208426f22cc6f249f589f7bc76370202558b367575d0e6.scope,ghcr.io/azure-samples/aks-store-demo/order-service:latest,aks-agentpool-16759353-vmss000009,cadvisor,23f7c7d7efd8b694c5208426f22cc6f249f589f7bc76370202558b367575d0e6,azure-store,order-service-5b6fbf9bcc-l47dl,1746939600,0.00000011377407676571921
aks-sk-aks-eus2-dev,order-service,total,/kubepods.slice/kubepods-burstable.slice/kubepods-burstable-pod68166d7f_eb2c_438c_8e83_73067238aaf9.slice/cri-containerd-23f7c7d7efd8b694c5208426f22cc6f249f589f7bc76370202558b367575d0e6.scope,ghcr.io/azure-samples/aks-store-demo/order-service:latest,aks-agentpool-16759353-vmss000009,cadvisor,23f7c7d7efd8b694c5208426f22cc6f249f589f7bc76370202558b367575d0e6,azure-store,order-service-5b6fbf9bcc-l47dl,1747026000,0.00000011377407676571921
aks-sk-aks-eus2-dev,order-service,total,/kubepods.slice/kubepods-burstable.slice/kubepods-burstable-pod68166d7f_eb2c_438c_8e83_73067238aaf9.slice/cri-containerd-23f7c7d7efd8b694c5208426f22cc6f249f589f7bc76370202558b367575d0e6.scope,ghcr.io/azure-samples/aks-store-demo/order-service:latest,aks-agentpool-16759353-vmss000009,cadvisor,23f7c7d7efd8b694c5208426f22cc6f249f589f7bc76370202558b367575d0e6,azure-store,order-service-5b6fbf9bcc-l47dl,1747112400,0.00000011377407676571921
aks-sk-aks-eus2-dev,order-service,total,/kubepods.slice/kubepods-burstable.slice/kubepods-burstable-pod68166d7f_eb2c_438c_8e83_73067238aaf9.slice/cri-containerd-23f7c7d7efd8b694c5208426f22cc6f249f589f7bc76370202558b367575d0e6.scope,ghcr.io/azure-samples/aks-store-demo/order-service:latest,aks-agentpool-16759353-vmss000009,cadvisor,23f7c7d7efd8b694c5208426f22cc6f249f589f7bc76370202558b367575d0e6,azure-store,order-service-5b6fbf9bcc-l47dl,1747198800,0.00000011377407676571921
aks-sk-aks-eus2-dev,order-service,total,/kubepods.slice/kubepods-burstable.slice/kubepods-burstable-pod68166d7f_eb2c_438c_8e83_73067238aaf9.slice/cri-containerd-23f7c7d7efd8b694c5208426f22cc6f249f589f7bc76370202558b367575d0e6.scope,ghcr.io/azure-samples/aks-store-demo/order-service:latest,aks-agentpool-16759353-vmss000009,cadvisor,23f7c7d7efd8b694c5208426f22cc6f249f589f7bc76370202558b367575d0e6,azure-store,order-service-5b6fbf9bcc-l47dl,1747285200,0.00000011377407676571921
aks-sk-aks-eus2-dev,order-service,total,/kubepods.slice/kubepods-burstable.slice/kubepods-burstable-pod68166d7f_eb2c_438c_8e83_73067238aaf9.slice/cri-containerd-23f7c7d7efd8b694c5208426f22cc6f249f589f7bc76370202558b367575d0e6.scope,ghcr.io/azure-samples/aks-store-demo/order-service:latest,aks-agentpool-16759353-vmss000009,cadvisor,23f7c7d7efd8b694c5208426f22cc6f249f589f7bc76370202558b367575d0e6,azure-store,order-service-5b6fbf9bcc-l47dl,1747371600,0.00000011377407676571921
aks-sk-aks-eus2-dev,order-service,total,/kubepods.slice/kubepods-burstable.slice/kubepods-burstable-podc3c55c37_94a1_4d3f_87c6_8b2d98679cb0.slice/cri-containerd-cba23d5e2237cd1d71fe22d89e6e18a198351f071b2e6eeddd900f8425d15f69.scope,ghcr.io/azure-samples/aks-store-demo/order-service:latest,aks-agentpool-16759353-vmss000001,cadvisor,cba23d5e2237cd1d71fe22d89e6e18a198351f071b2e6eeddd900f8425d15f69,azure-store,order-service-5b6fbf9bcc-lkrhh,1746507600,0.00000007867553768442103
aks-sk-aks-eus2-dev,order-service,total,/kubepods.slice/kubepods-burstable.slice/kubepods-burstable-podc3c55c37_94a1_4d3f_87c6_8b2d98679cb0.slice/cri-containerd-cba23d5e2237cd1d71fe22d89e6e18a198351f071b2e6eeddd900f8425d15f69.scope,ghcr.io/azure-samples/aks-store-demo/order-service:latest,aks-agentpool-16759353-vmss000001,cadvisor,cba23d5e2237cd1d71fe22d89e6e18a198351f071b2e6eeddd900f8425d15f69,azure-store,order-service-5b6fbf9bcc-lkrhh,1746594000,0.00000008485737671373032
aks-sk-aks-eus2-dev,order-service,total,/kubepods.slice/kubepods-burstable.slice/kubepods-burstable-podc3c55c37_94a1_4d3f_87c6_8b2d98679cb0.slice/cri-containerd-cba23d5e2237cd1d71fe22d89e6e18a198351f071b2e6eeddd900f8425d15f69.scope,ghcr.io/azure-samples/aks-store-demo/order-service:latest,aks-agentpool-16759353-vmss000001,cadvisor,cba23d5e2237cd1d71fe22d89e6e18a198351f071b2e6eeddd900f8425d15f69,azure-store,order-service-5b6fbf9bcc-lkrhh,1746680400,0.00000008485737671373032
aks-sk-aks-eus2-dev,order-service,total,/kubepods.slice/kubepods-burstable.slice/kubepods-burstable-podc3c55c37_94a1_4d3f_87c6_8b2d98679cb0.slice/cri-containerd-cba23d5e2237cd1d71fe22d89e6e18a198351f071b2e6eeddd900f8425d15f69.scope,ghcr.io/azure-samples/aks-store-demo/order-service:latest,aks-agentpool-16759353-vmss000001,cadvisor,cba23d5e2237cd1d71fe22d89e6e18a198351f071b2e6eeddd900f8425d15f69,azure-store,order-service-5b6fbf9bcc-lkrhh,1746766800,0.00000008485737671373032
aks-sk-aks-eus2-dev,order-service,total,/kubepods.slice/kubepods-burstable.slice/kubepods-burstable-podc3c55c37_94a1_4d3f_87c6_8b2d98679cb0.slice/cri-containerd-cba23d5e2237cd1d71fe22d89e6e18a198351f071b2e6eeddd900f8425d15f69.scope,ghcr.io/azure-samples/aks-store-demo/order-service:latest,aks-agentpool-16759353-vmss000001,cadvisor,cba23d5e2237cd1d71fe22d89e6e18a198351f071b2e6eeddd900f8425d15f69,azure-store,order-service-5b6fbf9bcc-lkrhh,1746853200,0.00000008485737671373032
aks-sk-aks-eus2-dev,order-service,total,/kubepods.slice/kubepods-burstable.slice/kubepods-burstable-podc3c55c37_94a1_4d3f_87c6_8b2d98679cb0.slice/cri-containerd-cba23d5e2237cd1d71fe22d89e6e18a198351f071b2e6eeddd900f8425d15f69.scope,ghcr.io/azure-samples/aks-store-demo/order-service:latest,aks-agentpool-16759353-vmss000001,cadvisor,cba23d5e2237cd1d71fe22d89e6e18a198351f071b2e6eeddd900f8425d15f69,azure-store,order-service-5b6fbf9bcc-lkrhh,1746939600,0.00000008485737671373032
aks-sk-aks-eus2-dev,order-service,total,/kubepods.slice/kubepods-burstable.slice/kubepods-burstable-podc3c55c37_94a1_4d3f_87c6_8b2d98679cb0.slice/cri-containerd-cba23d5e2237cd1d71fe22d89e6e18a198351f071b2e6eeddd900f8425d15f69.scope,ghcr.io/azure-samples/aks-store-demo/order-service:latest,aks-agentpool-16759353-vmss000001,cadvisor,cba23d5e2237cd1d71fe22d89e6e18a198351f071b2e6eeddd900f8425d15f69,azure-store,order-service-5b6fbf9bcc-lkrhh,1747026000,0.00000008485737671373032
aks-sk-aks-eus2-dev,order-service,total,/kubepods.slice/kubepods-burstable.slice/kubepods-burstable-podc3c55c37_94a1_4d3f_87c6_8b2d98679cb0.slice/cri-containerd-cba23d5e2237cd1d71fe22d89e6e18a198351f071b2e6eeddd900f8425d15f69.scope,ghcr.io/azure-samples/aks-store-demo/order-service:latest,aks-agentpool-16759353-vmss000001,cadvisor,cba23d5e2237cd1d71fe22d89e6e18a198351f071b2e6eeddd900f8425d15f69,azure-store,order-service-5b6fbf9bcc-lkrhh,1747112400,0.00000008485737671373032
aks-sk-aks-eus2-dev,order-service,total,/kubepods.slice/kubepods-burstable.slice/kubepods-burstable-podc3c55c37_94a1_4d3f_87c6_8b2d98679cb0.slice/cri-containerd-cba23d5e2237cd1d71fe22d89e6e18a198351f071b2e6eeddd900f8425d15f69.scope,ghcr.io/azure-samples/aks-store-demo/order-service:latest,aks-agentpool-16759353-vmss000001,cadvisor,cba23d5e2237cd1d71fe22d89e6e18a198351f071b2e6eeddd900f8425d15f69,azure-store,order-service-5b6fbf9bcc-lkrhh,1747198800,0.00000008485737671373032
aks-sk-aks-eus2-dev,order-service,total,/kubepods.slice/kubepods-burstable.slice/kubepods-burstable-podc3c55c37_94a1_4d3f_87c6_8b2d98679cb0.slice/cri-containerd-cba23d5e2237cd1d71fe22d89e6e18a198351f071b2e6eeddd900f8425d15f69.scope,ghcr.io/azure-samples/aks-store-demo/order-service:latest,aks-agentpool-16759353-vmss000001,cadvisor,cba23d5e2237cd1d71fe22d89e6e18a198351f071b2e6eeddd900f8425d15f69,azure-store,order-service-5b6fbf9bcc-lkrhh,1747285200,0.00000008485737671373032
aks-sk-aks-eus2-dev,order-service,total,/kubepods.slice/kubepods-burstable.slice/kubepods-burstable-podc3c55c37_94a1_4d3f_87c6_8b2d98679cb0.slice/cri-containerd-cba23d5e2237cd1d71fe22d89e6e18a198351f071b2e6eeddd900f8425d15f69.scope,ghcr.io/azure-samples/aks-store-demo/order-service:latest,aks-agentpool-16759353-vmss000001,cadvisor,cba23d5e2237cd1d71fe22d89e6e18a198351f071b2e6eeddd900f8425d15f69,azure-store,order-service-5b6fbf9bcc-lkrhh,1747371600,0.00000008485737671373032
aks-sk-aks-eus2-dev,order-service,total,/kubepods.slice/kubepods-burstable.slice/kubepods-burstable-pode6e73630_681a_4ab5_833a_f96f9f377abe.slice/cri-containerd-c74ca9116efca8dbb8d0950243734dc704039df3d45b3523eeac292a54715001.scope,ghcr.io/azure-samples/aks-store-demo/order-service:latest,aks-agentpool-16759353-vmss000005,cadvisor,c74ca9116efca8dbb8d0950243734dc704039df3d45b3523eeac292a54715001,azure-store,order-service-5b6fbf9bcc-qw7tp,1746594000,0.00000008068640430139756
aks-sk-aks-eus2-dev,order-service,total,/kubepods.slice/kubepods-burstable.slice/kubepods-burstable-pode6e73630_681a_4ab5_833a_f96f9f377abe.slice/cri-containerd-c74ca9116efca8dbb8d0950243734dc704039df3d45b3523eeac292a54715001.scope,ghcr.io/azure-samples/aks-store-demo/order-service:latest,aks-agentpool-16759353-vmss000005,cadvisor,c74ca9116efca8dbb8d0950243734dc704039df3d45b3523eeac292a54715001,azure-store,order-service-5b6fbf9bcc-qw7tp,1746680400,0.00000008709684936614468
aks-sk-aks-eus2-dev,order-service,total,/kubepods.slice/kubepods-burstable.slice/kubepods-burstable-pode6e73630_681a_4ab5_833a_f96f9f377abe.slice/cri-containerd-c74ca9116efca8dbb8d0950243734dc704039df3d45b3523eeac292a54715001.scope,ghcr.io/azure-samples/aks-store-demo/order-service:latest,aks-agentpool-16759353-vmss000005,cadvisor,c74ca9116efca8dbb8d0950243734dc704039df3d45b3523eeac292a54715001,azure-store,order-service-5b6fbf9bcc-qw7tp,1746766800,0.00000008709684936614468
aks-sk-aks-eus2-dev,order-service,total,/kubepods.slice/kubepods-burstable.slice/kubepods-burstable-pode6e73630_681a_4ab5_833a_f96f9f377abe.slice/cri-containerd-c74ca9116efca8dbb8d0950243734dc704039df3d45b3523eeac292a54715001.scope,ghcr.io/azure-samples/aks-store-demo/order-service:latest,aks-agentpool-16759353-vmss000005,cadvisor,c74ca9116efca8dbb8d0950243734dc704039df3d45b3523eeac292a54715001,azure-store,order-service-5b6fbf9bcc-qw7tp,1746853200,0.00000008709684936614468
aks-sk-aks-eus2-dev,order-service,total,/kubepods.slice/kubepods-burstable.slice/kubepods-burstable-pode6e73630_681a_4ab5_833a_f96f9f377abe.slice/cri-containerd-c74ca9116efca8dbb8d0950243734dc704039df3d45b3523eeac292a54715001.scope,ghcr.io/azure-samples/aks-store-demo/order-service:latest,aks-agentpool-16759353-vmss000005,cadvisor,c74ca9116efca8dbb8d0950243734dc704039df3d45b3523eeac292a54715001,azure-store,order-service-5b6fbf9bcc-qw7tp,1746939600,0.00000008709684936614468
aks-sk-aks-eus2-dev,order-service,total,/kubepods.slice/kubepods-burstable.slice/kubepods-burstable-pode6e73630_681a_4ab5_833a_f96f9f377abe.slice/cri-containerd-c74ca9116efca8dbb8d0950243734dc704039df3d45b3523eeac292a54715001.scope,ghcr.io/azure-samples/aks-store-demo/order-service:latest,aks-agentpool-16759353-vmss000005,cadvisor,c74ca9116efca8dbb8d0950243734dc704039df3d45b3523eeac292a54715001,azure-store,order-service-5b6fbf9bcc-qw7tp,1747026000,0.00000008709684936614468
aks-sk-aks-eus2-dev,order-service,total,/kubepods.slice/kubepods-burstable.slice/kubepods-burstable-pode6e73630_681a_4ab5_833a_f96f9f377abe.slice/cri-containerd-c74ca9116efca8dbb8d0950243734dc704039df3d45b3523eeac292a54715001.scope,ghcr.io/azure-samples/aks-store-demo/order-service:latest,aks-agentpool-16759353-vmss000005,cadvisor,c74ca9116efca8dbb8d0950243734dc704039df3d45b3523eeac292a54715001,azure-store,order-service-5b6fbf9bcc-qw7tp,1747112400,0.00000008709684936614468
aks-sk-aks-eus2-dev,order-service,total,/kubepods.slice/kubepods-burstable.slice/kubepods-burstable-pode6e73630_681a_4ab5_833a_f96f9f377abe.slice/cri-containerd-c74ca9116efca8dbb8d0950243734dc704039df3d45b3523eeac292a54715001.scope,ghcr.io/azure-samples/aks-store-demo/order-service:latest,aks-agentpool-16759353-vmss000005,cadvisor,c74ca9116efca8dbb8d0950243734dc704039df3d45b3523eeac292a54715001,azure-store,order-service-5b6fbf9bcc-qw7tp,1747198800,0.00000008709684936614468
aks-sk-aks-eus2-dev,order-service,total,/kubepods.slice/kubepods-burstable.slice/kubepods-burstable-pode6e73630_681a_4ab5_833a_f96f9f377abe.slice/cri-containerd-c74ca9116efca8dbb8d0950243734dc704039df3d45b3523eeac292a54715001.scope,ghcr.io/azure-samples/aks-store-demo/order-service:latest,aks-agentpool-16759353-vmss000005,cadvisor,c74ca9116efca8dbb8d0950243734dc704039df3d45b3523eeac292a54715001,azure-store,order-service-5b6fbf9bcc-qw7tp,1747285200,0.00000008709684936614468
aks-sk-aks-eus2-dev,order-service,total,/kubepods.slice/kubepods-burstable.slice/kubepods-burstable-pode6e73630_681a_4ab5_833a_f96f9f377abe.slice/cri-containerd-c74ca9116efca8dbb8d0950243734dc704039df3d45b3523eeac292a54715001.scope,ghcr.io/azure-samples/aks-store-demo/order-service:latest,aks-agentpool-16759353-vmss000005,cadvisor,c74ca9116efca8dbb8d0950243734dc704039df3d45b3523eeac292a54715001,azure-store,order-service-5b6fbf9bcc-qw7tp,1747371600,0.00000008709684936614468
aks-sk-aks-eus2-dev,order-service,total,/kubepods.slice/kubepods-burstable.slice/kubepods-burstable-podea8ae0a7_5c30_4f4d_9c19_3a86903efd1e.slice/cri-containerd-9208070520b28a126f970e9d0a692a82699f1dd5391aa9c95a80f1aa134e8617.scope,ghcr.io/azure-samples/aks-store-demo/order-service:latest,aks-agentpool-16759353-vmss000003,cadvisor,9208070520b28a126f970e9d0a692a82699f1dd5391aa9c95a80f1aa134e8617,azure-store,order-service-5b6fbf9bcc-95kj4,1746594000,0.0000000787237145858495
aks-sk-aks-eus2-dev,order-service,total,/kubepods.slice/kubepods-burstable.slice/kubepods-burstable-podea8ae0a7_5c30_4f4d_9c19_3a86903efd1e.slice/cri-containerd-9208070520b28a126f970e9d0a692a82699f1dd5391aa9c95a80f1aa134e8617.scope,ghcr.io/azure-samples/aks-store-demo/order-service:latest,aks-agentpool-16759353-vmss000003,cadvisor,9208070520b28a126f970e9d0a692a82699f1dd5391aa9c95a80f1aa134e8617,azure-store,order-service-5b6fbf9bcc-95kj4,1746680400,0.0000000787237145858495
aks-sk-aks-eus2-dev,order-service,total,/kubepods.slice/kubepods-burstable.slice/kubepods-burstable-podea8ae0a7_5c30_4f4d_9c19_3a86903efd1e.slice/cri-containerd-9208070520b28a126f970e9d0a692a82699f1dd5391aa9c95a80f1aa134e8617.scope,ghcr.io/azure-samples/aks-store-demo/order-service:latest,aks-agentpool-16759353-vmss000003,cadvisor,9208070520b28a126f970e9d0a692a82699f1dd5391aa9c95a80f1aa134e8617,azure-store,order-service-5b6fbf9bcc-95kj4,1746766800,0.0000000787237145858495
aks-sk-aks-eus2-dev,order-service,total,/kubepods.slice/kubepods-burstable.slice/kubepods-burstable-podea8ae0a7_5c30_4f4d_9c19_3a86903efd1e.slice/cri-containerd-9208070520b28a126f970e9d0a692a82699f1dd5391aa9c95a80f1aa134e8617.scope,ghcr.io/azure-samples/aks-store-demo/order-service:latest,aks-agentpool-16759353-vmss000003,cadvisor,9208070520b28a126f970e9d0a692a82699f1dd5391aa9c95a80f1aa134e8617,azure-store,order-service-5b6fbf9bcc-95kj4,1746853200,0.0000000787237145858495
aks-sk-aks-eus2-dev,order-service,total,/kubepods.slice/kubepods-burstable.slice/kubepods-burstable-podea8ae0a7_5c30_4f4d_9c19_3a86903efd1e.slice/cri-containerd-9208070520b28a126f970e9d0a692a82699f1dd5391aa9c95a80f1aa134e8617.scope,ghcr.io/azure-samples/aks-store-demo/order-service:latest,aks-agentpool-16759353-vmss000003,cadvisor,9208070520b28a126f970e9d0a692a82699f1dd5391aa9c95a80f1aa134e8617,azure-store,order-service-5b6fbf9bcc-95kj4,1746939600,0.0000000787237145858495
aks-sk-aks-eus2-dev,order-service,total,/kubepods.slice/kubepods-burstable.slice/kubepods-burstable-podea8ae0a7_5c30_4f4d_9c19_3a86903efd1e.slice/cri-containerd-9208070520b28a126f970e9d0a692a82699f1dd5391aa9c95a80f1aa134e8617.scope,ghcr.io/azure-samples/aks-store-demo/order-service:latest,aks-agentpool-16759353-vmss000003,cadvisor,9208070520b28a126f970e9d0a692a82699f1dd5391aa9c95a80f1aa134e8617,azure-store,order-service-5b6fbf9bcc-95kj4,1747026000,0.0000000787237145858495
aks-sk-aks-eus2-dev,order-service,total,/kubepods.slice/kubepods-burstable.slice/kubepods-burstable-podea8ae0a7_5c30_4f4d_9c19_3a86903efd1e.slice/cri-containerd-9208070520b28a126f970e9d0a692a82699f1dd5391aa9c95a80f1aa134e8617.scope,ghcr.io/azure-samples/aks-store-demo/order-service:latest,aks-agentpool-16759353-vmss000003,cadvisor,9208070520b28a126f970e9d0a692a82699f1dd5391aa9c95a80f1aa134e8617,azure-store,order-service-5b6fbf9bcc-95kj4,1747112400,0.0000000787237145858495
aks-sk-aks-eus2-dev,order-service,total,/kubepods.slice/kubepods-burstable.slice/kubepods-burstable-podea8ae0a7_5c30_4f4d_9c19_3a86903efd1e.slice/cri-containerd-9208070520b28a126f970e9d0a692a82699f1dd5391aa9c95a80f1aa134e8617.scope,ghcr.io/azure-samples/aks-store-demo/order-service:latest,aks-agentpool-16759353-vmss000003,cadvisor,9208070520b28a126f970e9d0a692a82699f1dd5391aa9c95a80f1aa134e8617,azure-store,order-service-5b6fbf9bcc-95kj4,1747198800,0.0000000787237145858495
aks-sk-aks-eus2-dev,order-service,total,/kubepods.slice/kubepods-burstable.slice/kubepods-burstable-podea8ae0a7_5c30_4f4d_9c19_3a86903efd1e.slice/cri-containerd-9208070520b28a126f970e9d0a692a82699f1dd5391aa9c95a80f1aa134e8617.scope,ghcr.io/azure-samples/aks-store-demo/order-service:latest,aks-agentpool-16759353-vmss000003,cadvisor,9208070520b28a126f970e9d0a692a82699f1dd5391aa9c95a80f1aa134e8617,azure-store,order-service-5b6fbf9bcc-95kj4,1747285200,0.0000000787237145858495
aks-sk-aks-eus2-dev,order-service,total,/kubepods.slice/kubepods-burstable.slice/kubepods-burstable-podea8ae0a7_5c30_4f4d_9c19_3a86903efd1e.slice/cri-containerd-9208070520b28a126f970e9d0a692a82699f1dd5391aa9c95a80f1aa134e8617.scope,ghcr.io/azure-samples/aks-store-demo/order-service:latest,aks-agentpool-16759353-vmss000003,cadvisor,9208070520b28a126f970e9d0a692a82699f1dd5391aa9c95a80f1aa134e8617,azure-store,order-service-5b6fbf9bcc-95kj4,1747371600,0.0000000787237145858495
aks-sk-aks-eus2-dev,product-service,total,/kubepods.slice/kubepods-burstable.slice/kubepods-burstable-pod413f3f8a_f4f9_4046_9ad8_d4aadc8ce587.slice/cri-containerd-73880f910eae503be2e83cd4b630877585e37d259a272dd22bf3cbbee4d53010.scope,ghcr.io/azure-samples/aks-store-demo/product-service:latest,aks-agentpool-16759353-vmss000005,cadvisor,73880f910eae503be2e83cd4b630877585e37d259a272dd22bf3cbbee4d53010,azure-store,product-service-6f9df459d6-njldv,1746594000,0.00000006942562769389053
aks-sk-aks-eus2-dev,product-service,total,/kubepods.slice/kubepods-burstable.slice/kubepods-burstable-pod413f3f8a_f4f9_4046_9ad8_d4aadc8ce587.slice/cri-containerd-73880f910eae503be2e83cd4b630877585e37d259a272dd22bf3cbbee4d53010.scope,ghcr.io/azure-samples/aks-store-demo/product-service:latest,aks-agentpool-16759353-vmss000005,cadvisor,73880f910eae503be2e83cd4b630877585e37d259a272dd22bf3cbbee4d53010,azure-store,product-service-6f9df459d6-njldv,1746680400,0.00000022287005965697237
aks-sk-aks-eus2-dev,product-service,total,/kubepods.slice/kubepods-burstable.slice/kubepods-burstable-pod413f3f8a_f4f9_4046_9ad8_d4aadc8ce587.slice/cri-containerd-73880f910eae503be2e83cd4b630877585e37d259a272dd22bf3cbbee4d53010.scope,ghcr.io/azure-samples/aks-store-demo/product-service:latest,aks-agentpool-16759353-vmss000005,cadvisor,73880f910eae503be2e83cd4b630877585e37d259a272dd22bf3cbbee4d53010,azure-store,product-service-6f9df459d6-njldv,1746766800,0.00000022287005965697237
aks-sk-aks-eus2-dev,product-service,total,/kubepods.slice/kubepods-burstable.slice/kubepods-burstable-pod413f3f8a_f4f9_4046_9ad8_d4aadc8ce587.slice/cri-containerd-73880f910eae503be2e83cd4b630877585e37d259a272dd22bf3cbbee4d53010.scope,ghcr.io/azure-samples/aks-store-demo/product-service:latest,aks-agentpool-16759353-vmss000005,cadvisor,73880f910eae503be2e83cd4b630877585e37d259a272dd22bf3cbbee4d53010,azure-store,product-service-6f9df459d6-njldv,1746853200,0.00000022287005965697237
aks-sk-aks-eus2-dev,product-service,total,/kubepods.slice/kubepods-burstable.slice/kubepods-burstable-pod413f3f8a_f4f9_4046_9ad8_d4aadc8ce587.slice/cri-containerd-73880f910eae503be2e83cd4b630877585e37d259a272dd22bf3cbbee4d53010.scope,ghcr.io/azure-samples/aks-store-demo/product-service:latest,aks-agentpool-16759353-vmss000005,cadvisor,73880f910eae503be2e83cd4b630877585e37d259a272dd22bf3cbbee4d53010,azure-store,product-service-6f9df459d6-njldv,1746939600,0.00000022287005965697237
aks-sk-aks-eus2-dev,product-service,total,/kubepods.slice/kubepods-burstable.slice/kubepods-burstable-pod413f3f8a_f4f9_4046_9ad8_d4aadc8ce587.slice/cri-containerd-73880f910eae503be2e83cd4b630877585e37d259a272dd22bf3cbbee4d53010.scope,ghcr.io/azure-samples/aks-store-demo/product-service:latest,aks-agentpool-16759353-vmss000005,cadvisor,73880f910eae503be2e83cd4b630877585e37d259a272dd22bf3cbbee4d53010,azure-store,product-service-6f9df459d6-njldv,1747026000,0.00000022287005965697237
aks-sk-aks-eus2-dev,product-service,total,/kubepods.slice/kubepods-burstable.slice/kubepods-burstable-pod413f3f8a_f4f9_4046_9ad8_d4aadc8ce587.slice/cri-containerd-73880f910eae503be2e83cd4b630877585e37d259a272dd22bf3cbbee4d53010.scope,ghcr.io/azure-samples/aks-store-demo/product-service:latest,aks-agentpool-16759353-vmss000005,cadvisor,73880f910eae503be2e83cd4b630877585e37d259a272dd22bf3cbbee4d53010,azure-store,product-service-6f9df459d6-njldv,1747112400,0.00000022287005965697237
aks-sk-aks-eus2-dev,product-service,total,/kubepods.slice/kubepods-burstable.slice/kubepods-burstable-pod413f3f8a_f4f9_4046_9ad8_d4aadc8ce587.slice/cri-containerd-73880f910eae503be2e83cd4b630877585e37d259a272dd22bf3cbbee4d53010.scope,ghcr.io/azure-samples/aks-store-demo/product-service:latest,aks-agentpool-16759353-vmss000005,cadvisor,73880f910eae503be2e83cd4b630877585e37d259a272dd22bf3cbbee4d53010,azure-store,product-service-6f9df459d6-njldv,1747198800,0.00000022287005965697237
aks-sk-aks-eus2-dev,product-service,total,/kubepods.slice/kubepods-burstable.slice/kubepods-burstable-pod413f3f8a_f4f9_4046_9ad8_d4aadc8ce587.slice/cri-containerd-73880f910eae503be2e83cd4b630877585e37d259a272dd22bf3cbbee4d53010.scope,ghcr.io/azure-samples/aks-store-demo/product-service:latest,aks-agentpool-16759353-vmss000005,cadvisor,73880f910eae503be2e83cd4b630877585e37d259a272dd22bf3cbbee4d53010,azure-store,product-service-6f9df459d6-njldv,1747285200,0.00000022287005965697237
aks-sk-aks-eus2-dev,product-service,total,/kubepods.slice/kubepods-burstable.slice/kubepods-burstable-pod413f3f8a_f4f9_4046_9ad8_d4aadc8ce587.slice/cri-containerd-73880f910eae503be2e83cd4b630877585e37d259a272dd22bf3cbbee4d53010.scope,ghcr.io/azure-samples/aks-store-demo/product-service:latest,aks-agentpool-16759353-vmss000005,cadvisor,73880f910eae503be2e83cd4b630877585e37d259a272dd22bf3cbbee4d53010,azure-store,product-service-6f9df459d6-njldv,1747371600,0.00000022287005965697237
aks-sk-aks-eus2-dev,product-service,total,/kubepods.slice/kubepods-burstable.slice/kubepods-burstable-pod47436c28_e2f8_4906_8e74_b37433bd8f2e.slice/cri-containerd-790a0ccb03713c32f87044744f629aeff26fc138fd512d64fb24b069b82e0b4c.scope,ghcr.io/azure-samples/aks-store-demo/product-service:latest,aks-agentpool-16759353-vmss000003,cadvisor,790a0ccb03713c32f87044744f629aeff26fc138fd512d64fb24b069b82e0b4c,azure-store,product-service-6f9df459d6-hlhpm,1746594000,0.0000010822643831983026
aks-sk-aks-eus2-dev,product-service,total,/kubepods.slice/kubepods-burstable.slice/kubepods-burstable-pod47436c28_e2f8_4906_8e74_b37433bd8f2e.slice/cri-containerd-790a0ccb03713c32f87044744f629aeff26fc138fd512d64fb24b069b82e0b4c.scope,ghcr.io/azure-samples/aks-store-demo/product-service:latest,aks-agentpool-16759353-vmss000003,cadvisor,790a0ccb03713c32f87044744f629aeff26fc138fd512d64fb24b069b82e0b4c,azure-store,product-service-6f9df459d6-hlhpm,1746680400,0.0000010822643831983026
aks-sk-aks-eus2-dev,product-service,total,/kubepods.slice/kubepods-burstable.slice/kubepods-burstable-pod47436c28_e2f8_4906_8e74_b37433bd8f2e.slice/cri-containerd-790a0ccb03713c32f87044744f629aeff26fc138fd512d64fb24b069b82e0b4c.scope,ghcr.io/azure-samples/aks-store-demo/product-service:latest,aks-agentpool-16759353-vmss000003,cadvisor,790a0ccb03713c32f87044744f629aeff26fc138fd512d64fb24b069b82e0b4c,azure-store,product-service-6f9df459d6-hlhpm,1746766800,0.0000010822643831983026
aks-sk-aks-eus2-dev,product-service,total,/kubepods.slice/kubepods-burstable.slice/kubepods-burstable-pod47436c28_e2f8_4906_8e74_b37433bd8f2e.slice/cri-containerd-790a0ccb03713c32f87044744f629aeff26fc138fd512d64fb24b069b82e0b4c.scope,ghcr.io/azure-samples/aks-store-demo/product-service:latest,aks-agentpool-16759353-vmss000003,cadvisor,790a0ccb03713c32f87044744f629aeff26fc138fd512d64fb24b069b82e0b4c,azure-store,product-service-6f9df459d6-hlhpm,1746853200,0.0000010822643831983026
aks-sk-aks-eus2-dev,product-service,total,/kubepods.slice/kubepods-burstable.slice/kubepods-burstable-pod47436c28_e2f8_4906_8e74_b37433bd8f2e.slice/cri-containerd-790a0ccb03713c32f87044744f629aeff26fc138fd512d64fb24b069b82e0b4c.scope,ghcr.io/azure-samples/aks-store-demo/product-service:latest,aks-agentpool-16759353-vmss000003,cadvisor,790a0ccb03713c32f87044744f629aeff26fc138fd512d64fb24b069b82e0b4c,azure-store,product-service-6f9df459d6-hlhpm,1746939600,0.0000010822643831983026
aks-sk-aks-eus2-dev,product-service,total,/kubepods.slice/kubepods-burstable.slice/kubepods-burstable-pod47436c28_e2f8_4906_8e74_b37433bd8f2e.slice/cri-containerd-790a0ccb03713c32f87044744f629aeff26fc138fd512d64fb24b069b82e0b4c.scope,ghcr.io/azure-samples/aks-store-demo/product-service:latest,aks-agentpool-16759353-vmss000003,cadvisor,790a0ccb03713c32f87044744f629aeff26fc138fd512d64fb24b069b82e0b4c,azure-store,product-service-6f9df459d6-hlhpm,1747026000,0.0000010822643831983026
aks-sk-aks-eus2-dev,product-service,total,/kubepods.slice/kubepods-burstable.slice/kubepods-burstable-pod47436c28_e2f8_4906_8e74_b37433bd8f2e.slice/cri-containerd-790a0ccb03713c32f87044744f629aeff26fc138fd512d64fb24b069b82e0b4c.scope,ghcr.io/azure-samples/aks-store-demo/product-service:latest,aks-agentpool-16759353-vmss000003,cadvisor,790a0ccb03713c32f87044744f629aeff26fc138fd512d64fb24b069b82e0b4c,azure-store,product-service-6f9df459d6-hlhpm,1747112400,0.0000010822643831983026
aks-sk-aks-eus2-dev,product-service,total,/kubepods.slice/kubepods-burstable.slice/kubepods-burstable-pod47436c28_e2f8_4906_8e74_b37433bd8f2e.slice/cri-containerd-790a0ccb03713c32f87044744f629aeff26fc138fd512d64fb24b069b82e0b4c.scope,ghcr.io/azure-samples/aks-store-demo/product-service:latest,aks-agentpool-16759353-vmss000003,cadvisor,790a0ccb03713c32f87044744f629aeff26fc138fd512d64fb24b069b82e0b4c,azure-store,product-service-6f9df459d6-hlhpm,1747198800,0.0000010822643831983026
aks-sk-aks-eus2-dev,product-service,total,/kubepods.slice/kubepods-burstable.slice/kubepods-burstable-pod47436c28_e2f8_4906_8e74_b37433bd8f2e.slice/cri-containerd-790a0ccb03713c32f87044744f629aeff26fc138fd512d64fb24b069b82e0b4c.scope,ghcr.io/azure-samples/aks-store-demo/product-service:latest,aks-agentpool-16759353-vmss000003,cadvisor,790a0ccb03713c32f87044744f629aeff26fc138fd512d64fb24b069b82e0b4c,azure-store,product-service-6f9df459d6-hlhpm,1747285200,0.0000010822643831983026
aks-sk-aks-eus2-dev,product-service,total,/kubepods.slice/kubepods-burstable.slice/kubepods-burstable-pod47436c28_e2f8_4906_8e74_b37433bd8f2e.slice/cri-containerd-790a0ccb03713c32f87044744f629aeff26fc138fd512d64fb24b069b82e0b4c.scope,ghcr.io/azure-samples/aks-store-demo/product-service:latest,aks-agentpool-16759353-vmss000003,cadvisor,790a0ccb03713c32f87044744f629aeff26fc138fd512d64fb24b069b82e0b4c,azure-store,product-service-6f9df459d6-hlhpm,1747371600,0.0000010822643831983026
aks-sk-aks-eus2-dev,product-service,total,/kubepods.slice/kubepods-burstable.slice/kubepods-burstable-pod91429bef_d9e8_464c_9c93_0523e771f556.slice/cri-containerd-00e8bdbce399ac5d554665061b1545799edf44db61bab717a19ae6961e1012e4.scope,ghcr.io/azure-samples/aks-store-demo/product-service:latest,aks-agentpool-16759353-vmss000007,cadvisor,00e8bdbce399ac5d554665061b1545799edf44db61bab717a19ae6961e1012e4,azure-store,product-service-6f9df459d6-q6g4r,1746680400,0.000001271300364594614
aks-sk-aks-eus2-dev,product-service,total,/kubepods.slice/kubepods-burstable.slice/kubepods-burstable-pod91429bef_d9e8_464c_9c93_0523e771f556.slice/cri-containerd-00e8bdbce399ac5d554665061b1545799edf44db61bab717a19ae6961e1012e4.scope,ghcr.io/azure-samples/aks-store-demo/product-service:latest,aks-agentpool-16759353-vmss000007,cadvisor,00e8bdbce399ac5d554665061b1545799edf44db61bab717a19ae6961e1012e4,azure-store,product-service-6f9df459d6-q6g4r,1746766800,0.000001271300364594614
aks-sk-aks-eus2-dev,product-service,total,/kubepods.slice/kubepods-burstable.slice/kubepods-burstable-pod91429bef_d9e8_464c_9c93_0523e771f556.slice/cri-containerd-00e8bdbce399ac5d554665061b1545799edf44db61bab717a19ae6961e1012e4.scope,ghcr.io/azure-samples/aks-store-demo/product-service:latest,aks-agentpool-16759353-vmss000007,cadvisor,00e8bdbce399ac5d554665061b1545799edf44db61bab717a19ae6961e1012e4,azure-store,product-service-6f9df459d6-q6g4r,1746853200,0.000001271300364594614
aks-sk-aks-eus2-dev,product-service,total,/kubepods.slice/kubepods-burstable.slice/kubepods-burstable-pod91429bef_d9e8_464c_9c93_0523e771f556.slice/cri-containerd-00e8bdbce399ac5d554665061b1545799edf44db61bab717a19ae6961e1012e4.scope,ghcr.io/azure-samples/aks-store-demo/product-service:latest,aks-agentpool-16759353-vmss000007,cadvisor,00e8bdbce399ac5d554665061b1545799edf44db61bab717a19ae6961e1012e4,azure-store,product-service-6f9df459d6-q6g4r,1746939600,0.000001271300364594614
aks-sk-aks-eus2-dev,product-service,total,/kubepods.slice/kubepods-burstable.slice/kubepods-burstable-pod91429bef_d9e8_464c_9c93_0523e771f556.slice/cri-containerd-00e8bdbce399ac5d554665061b1545799edf44db61bab717a19ae6961e1012e4.scope,ghcr.io/azure-samples/aks-store-demo/product-service:latest,aks-agentpool-16759353-vmss000007,cadvisor,00e8bdbce399ac5d554665061b1545799edf44db61bab717a19ae6961e1012e4,azure-store,product-service-6f9df459d6-q6g4r,1747026000,0.000001271300364594614
aks-sk-aks-eus2-dev,product-service,total,/kubepods.slice/kubepods-burstable.slice/kubepods-burstable-pod91429bef_d9e8_464c_9c93_0523e771f556.slice/cri-containerd-00e8bdbce399ac5d554665061b1545799edf44db61bab717a19ae6961e1012e4.scope,ghcr.io/azure-samples/aks-store-demo/product-service:latest,aks-agentpool-16759353-vmss000007,cadvisor,00e8bdbce399ac5d554665061b1545799edf44db61bab717a19ae6961e1012e4,azure-store,product-service-6f9df459d6-q6g4r,1747112400,0.000001271300364594614
aks-sk-aks-eus2-dev,product-service,total,/kubepods.slice/kubepods-burstable.slice/kubepods-burstable-pod91429bef_d9e8_464c_9c93_0523e771f556.slice/cri-containerd-00e8bdbce399ac5d554665061b1545799edf44db61bab717a19ae6961e1012e4.scope,ghcr.io/azure-samples/aks-store-demo/product-service:latest,aks-agentpool-16759353-vmss000007,cadvisor,00e8bdbce399ac5d554665061b1545799edf44db61bab717a19ae6961e1012e4,azure-store,product-service-6f9df459d6-q6g4r,1747198800,0.000001271300364594614
aks-sk-aks-eus2-dev,product-service,total,/kubepods.slice/kubepods-burstable.slice/kubepods-burstable-pod91429bef_d9e8_464c_9c93_0523e771f556.slice/cri-containerd-00e8bdbce399ac5d554665061b1545799edf44db61bab717a19ae6961e1012e4.scope,ghcr.io/azure-samples/aks-store-demo/product-service:latest,aks-agentpool-16759353-vmss000007,cadvisor,00e8bdbce399ac5d554665061b1545799edf44db61bab717a19ae6961e1012e4,azure-store,product-service-6f9df459d6-q6g4r,1747285200,0.000001271300364594614
aks-sk-aks-eus2-dev,product-service,total,/kubepods.slice/kubepods-burstable.slice/kubepods-burstable-pod91429bef_d9e8_464c_9c93_0523e771f556.slice/cri-containerd-00e8bdbce399ac5d554665061b1545799edf44db61bab717a19ae6961e1012e4.scope,ghcr.io/azure-samples/aks-store-demo/product-service:latest,aks-agentpool-16759353-vmss000007,cadvisor,00e8bdbce399ac5d554665061b1545799edf44db61bab717a19ae6961e1012e4,azure-store,product-service-6f9df459d6-q6g4r,1747371600,0.000001271300364594614
aks-sk-aks-eus2-dev,product-service,total,/kubepods.slice/kubepods-burstable.slice/kubepods-burstable-pod9ad615d7_18a7_4a20_8dd2_946991ce05a3.slice/cri-containerd-ae2e5b142884c91bbae4582f59ad41c2ebbba3713c908ed0433ef4967c2f3799.scope,ghcr.io/azure-samples/aks-store-demo/product-service:latest,aks-agentpool-16759353-vmss000001,cadvisor,ae2e5b142884c91bbae4582f59ad41c2ebbba3713c908ed0433ef4967c2f3799,azure-store,product-service-6f9df459d6-vvtn6,1746507600,0.0000006281123515144007
aks-sk-aks-eus2-dev,product-service,total,/kubepods.slice/kubepods-burstable.slice/kubepods-burstable-pod9ad615d7_18a7_4a20_8dd2_946991ce05a3.slice/cri-containerd-ae2e5b142884c91bbae4582f59ad41c2ebbba3713c908ed0433ef4967c2f3799.scope,ghcr.io/azure-samples/aks-store-demo/product-service:latest,aks-agentpool-16759353-vmss000001,cadvisor,ae2e5b142884c91bbae4582f59ad41c2ebbba3713c908ed0433ef4967c2f3799,azure-store,product-service-6f9df459d6-vvtn6,1746594000,0.0000008662464646593593
aks-sk-aks-eus2-dev,product-service,total,/kubepods.slice/kubepods-burstable.slice/kubepods-burstable-pod9ad615d7_18a7_4a20_8dd2_946991ce05a3.slice/cri-containerd-ae2e5b142884c91bbae4582f59ad41c2ebbba3713c908ed0433ef4967c2f3799.scope,ghcr.io/azure-samples/aks-store-demo/product-service:latest,aks-agentpool-16759353-vmss000001,cadvisor,ae2e5b142884c91bbae4582f59ad41c2ebbba3713c908ed0433ef4967c2f3799,azure-store,product-service-6f9df459d6-vvtn6,1746680400,0.0000008662464646593593
aks-sk-aks-eus2-dev,product-service,total,/kubepods.slice/kubepods-burstable.slice/kubepods-burstable-pod9ad615d7_18a7_4a20_8dd2_946991ce05a3.slice/cri-containerd-ae2e5b142884c91bbae4582f59ad41c2ebbba3713c908ed0433ef4967c2f3799.scope,ghcr.io/azure-samples/aks-store-demo/product-service:latest,aks-agentpool-16759353-vmss000001,cadvisor,ae2e5b142884c91bbae4582f59ad41c2ebbba3713c908ed0433ef4967c2f3799,azure-store,product-service-6f9df459d6-vvtn6,1746766800,0.0000008662464646593593
aks-sk-aks-eus2-dev,product-service,total,/kubepods.slice/kubepods-burstable.slice/kubepods-burstable-pod9ad615d7_18a7_4a20_8dd2_946991ce05a3.slice/cri-containerd-ae2e5b142884c91bbae4582f59ad41c2ebbba3713c908ed0433ef4967c2f3799.scope,ghcr.io/azure-samples/aks-store-demo/product-service:latest,aks-agentpool-16759353-vmss000001,cadvisor,ae2e5b142884c91bbae4582f59ad41c2ebbba3713c908ed0433ef4967c2f3799,azure-store,product-service-6f9df459d6-vvtn6,1746853200,0.0000008662464646593593
aks-sk-aks-eus2-dev,product-service,total,/kubepods.slice/kubepods-burstable.slice/kubepods-burstable-pod9ad615d7_18a7_4a20_8dd2_946991ce05a3.slice/cri-containerd-ae2e5b142884c91bbae4582f59ad41c2ebbba3713c908ed0433ef4967c2f3799.scope,ghcr.io/azure-samples/aks-store-demo/product-service:latest,aks-agentpool-16759353-vmss000001,cadvisor,ae2e5b142884c91bbae4582f59ad41c2ebbba3713c908ed0433ef4967c2f3799,azure-store,product-service-6f9df459d6-vvtn6,1746939600,0.0000008662464646593593
aks-sk-aks-eus2-dev,product-service,total,/kubepods.slice/kubepods-burstable.slice/kubepods-burstable-pod9ad615d7_18a7_4a20_8dd2_946991ce05a3.slice/cri-containerd-ae2e5b142884c91bbae4582f59ad41c2ebbba3713c908ed0433ef4967c2f3799.scope,ghcr.io/azure-samples/aks-store-demo/product-service:latest,aks-agentpool-16759353-vmss000001,cadvisor,ae2e5b142884c91bbae4582f59ad41c2ebbba3713c908ed0433ef4967c2f3799,azure-store,product-service-6f9df459d6-vvtn6,1747026000,0.0000008662464646593593
aks-sk-aks-eus2-dev,product-service,total,/kubepods.slice/kubepods-burstable.slice/kubepods-burstable-pod9ad615d7_18a7_4a20_8dd2_946991ce05a3.slice/cri-containerd-ae2e5b142884c91bbae4582f59ad41c2ebbba3713c908ed0433ef4967c2f3799.scope,ghcr.io/azure-samples/aks-store-demo/product-service:latest,aks-agentpool-16759353-vmss000001,cadvisor,ae2e5b142884c91bbae4582f59ad41c2ebbba3713c908ed0433ef4967c2f3799,azure-store,product-service-6f9df459d6-vvtn6,1747112400,0.0000008662464646593593
aks-sk-aks-eus2-dev,product-service,total,/kubepods.slice/kubepods-burstable.slice/kubepods-burstable-pod9ad615d7_18a7_4a20_8dd2_946991ce05a3.slice/cri-containerd-ae2e5b142884c91bbae4582f59ad41c2ebbba3713c908ed0433ef4967c2f3799.scope,ghcr.io/azure-samples/aks-store-demo/product-service:latest,aks-agentpool-16759353-vmss000001,cadvisor,ae2e5b142884c91bbae4582f59ad41c2ebbba3713c908ed0433ef4967c2f3799,azure-store,product-service-6f9df459d6-vvtn6,1747198800,0.0000008662464646593593
aks-sk-aks-eus2-dev,product-service,total,/kubepods.slice/kubepods-burstable.slice/kubepods-burstable-pod9ad615d7_18a7_4a20_8dd2_946991ce05a3.slice/cri-containerd-ae2e5b142884c91bbae4582f59ad41c2ebbba3713c908ed0433ef4967c2f3799.scope,ghcr.io/azure-samples/aks-store-demo/product-service:latest,aks-agentpool-16759353-vmss000001,cadvisor,ae2e5b142884c91bbae4582f59ad41c2ebbba3713c908ed0433ef4967c2f3799,azure-store,product-service-6f9df459d6-vvtn6,1747285200,0.0000008662464646593593
aks-sk-aks-eus2-dev,product-service,total,/kubepods.slice/kubepods-burstable.slice/kubepods-burstable-pod9ad615d7_18a7_4a20_8dd2_946991ce05a3.slice/cri-containerd-ae2e5b142884c91bbae4582f59ad41c2ebbba3713c908ed0433ef4967c2f3799.scope,ghcr.io/azure-samples/aks-store-demo/product-service:latest,aks-agentpool-16759353-vmss000001,cadvisor,ae2e5b142884c91bbae4582f59ad41c2ebbba3713c908ed0433ef4967c2f3799,azure-store,product-service-6f9df459d6-vvtn6,1747371600,0.0000008662464646593593
aks-sk-aks-eus2-dev,product-service,total,/kubepods.slice/kubepods-burstable.slice/kubepods-burstable-pode5d54eb0_73fc_44e7_be82_20f50c141e4f.slice/cri-containerd-f1a608b9fbc5380087bc628831e16bd787380cc5e879177c07b052b6b421e66a.scope,ghcr.io/azure-samples/aks-store-demo/product-service:latest,aks-agentpool-16759353-vmss000009,cadvisor,f1a608b9fbc5380087bc628831e16bd787380cc5e879177c07b052b6b421e66a,azure-store,product-service-6f9df459d6-kqpp5,1746766800,0.000001467343832788479
aks-sk-aks-eus2-dev,product-service,total,/kubepods.slice/kubepods-burstable.slice/kubepods-burstable-pode5d54eb0_73fc_44e7_be82_20f50c141e4f.slice/cri-containerd-f1a608b9fbc5380087bc628831e16bd787380cc5e879177c07b052b6b421e66a.scope,ghcr.io/azure-samples/aks-store-demo/product-service:latest,aks-agentpool-16759353-vmss000009,cadvisor,f1a608b9fbc5380087bc628831e16bd787380cc5e879177c07b052b6b421e66a,azure-store,product-service-6f9df459d6-kqpp5,1746853200,0.000001467343832788479
aks-sk-aks-eus2-dev,product-service,total,/kubepods.slice/kubepods-burstable.slice/kubepods-burstable-pode5d54eb0_73fc_44e7_be82_20f50c141e4f.slice/cri-containerd-f1a608b9fbc5380087bc628831e16bd787380cc5e879177c07b052b6b421e66a.scope,ghcr.io/azure-samples/aks-store-demo/product-service:latest,aks-agentpool-16759353-vmss000009,cadvisor,f1a608b9fbc5380087bc628831e16bd787380cc5e879177c07b052b6b421e66a,azure-store,product-service-6f9df459d6-kqpp5,1746939600,0.000001467343832788479
aks-sk-aks-eus2-dev,product-service,total,/kubepods.slice/kubepods-burstable.slice/kubepods-burstable-pode5d54eb0_73fc_44e7_be82_20f50c141e4f.slice/cri-containerd-f1a608b9fbc5380087bc628831e16bd787380cc5e879177c07b052b6b421e66a.scope,ghcr.io/azure-samples/aks-store-demo/product-service:latest,aks-agentpool-16759353-vmss000009,cadvisor,f1a608b9fbc5380087bc628831e16bd787380cc5e879177c07b052b6b421e66a,azure-store,product-service-6f9df459d6-kqpp5,1747026000,0.000001467343832788479
aks-sk-aks-eus2-dev,product-service,total,/kubepods.slice/kubepods-burstable.slice/kubepods-burstable-pode5d54eb0_73fc_44e7_be82_20f50c141e4f.slice/cri-containerd-f1a608b9fbc5380087bc628831e16bd787380cc5e879177c07b052b6b421e66a.scope,ghcr.io/azure-samples/aks-store-demo/product-service:latest,aks-agentpool-16759353-vmss000009,cadvisor,f1a608b9fbc5380087bc628831e16bd787380cc5e879177c07b052b6b421e66a,azure-store,product-service-6f9df459d6-kqpp5,1747112400,0.000001467343832788479
aks-sk-aks-eus2-dev,product-service,total,/kubepods.slice/kubepods-burstable.slice/kubepods-burstable-pode5d54eb0_73fc_44e7_be82_20f50c141e4f.slice/cri-containerd-f1a608b9fbc5380087bc628831e16bd787380cc5e879177c07b052b6b421e66a.scope,ghcr.io/azure-samples/aks-store-demo/product-service:latest,aks-agentpool-16759353-vmss000009,cadvisor,f1a608b9fbc5380087bc628831e16bd787380cc5e879177c07b052b6b421e66a,azure-store,product-service-6f9df459d6-kqpp5,1747198800,0.000001467343832788479
aks-sk-aks-eus2-dev,product-service,total,/kubepods.slice/kubepods-burstable.slice/kubepods-burstable-pode5d54eb0_73fc_44e7_be82_20f50c141e4f.slice/cri-containerd-f1a608b9fbc5380087bc628831e16bd787380cc5e879177c07b052b6b421e66a.scope,ghcr.io/azure-samples/aks-store-demo/product-service:latest,aks-agentpool-16759353-vmss000009,cadvisor,f1a608b9fbc5380087bc628831e16bd787380cc5e879177c07b052b6b421e66a,azure-store,product-service-6f9df459d6-kqpp5,1747285200,0.000001467343832788479
aks-sk-aks-eus2-dev,product-service,total,/kubepods.slice/kubepods-burstable.slice/kubepods-burstable-pode5d54eb0_73fc_44e7_be82_20f50c141e4f.slice/cri-containerd-f1a608b9fbc5380087bc628831e16bd787380cc5e879177c07b052b6b421e66a.scope,ghcr.io/azure-samples/aks-store-demo/product-service:latest,aks-agentpool-16759353-vmss000009,cadvisor,f1a608b9fbc5380087bc628831e16bd787380cc5e879177c07b052b6b421e66a,azure-store,product-service-6f9df459d6-kqpp5,1747371600,0.000001467343832788479
aks-sk-aks-eus2-dev,rabbitmq,total,/kubepods.slice/kubepods-burstable.slice/kubepods-burstable-pod37399476_853b_453e_ba0b_ae2265ece1c5.slice/cri-containerd-7c59733dd985adb318ea57a25edbe955d9fa812564dfe6437ec838429026d1aa.scope,mcr.microsoft.com/mirror/docker/library/rabbitmq:3.10-management-alpine,aks-agentpool-16759353-vmss000007,cadvisor,7c59733dd985adb318ea57a25edbe955d9fa812564dfe6437ec838429026d1aa,azure-store,rabbitmq-5dd7b7f876-p9k4d,1746680400,0.00005910413948451375
aks-sk-aks-eus2-dev,rabbitmq,total,/kubepods.slice/kubepods-burstable.slice/kubepods-burstable-pod37399476_853b_453e_ba0b_ae2265ece1c5.slice/cri-containerd-7c59733dd985adb318ea57a25edbe955d9fa812564dfe6437ec838429026d1aa.scope,mcr.microsoft.com/mirror/docker/library/rabbitmq:3.10-management-alpine,aks-agentpool-16759353-vmss000007,cadvisor,7c59733dd985adb318ea57a25edbe955d9fa812564dfe6437ec838429026d1aa,azure-store,rabbitmq-5dd7b7f876-p9k4d,1746766800,0.00005910413948451375
aks-sk-aks-eus2-dev,rabbitmq,total,/kubepods.slice/kubepods-burstable.slice/kubepods-burstable-pod37399476_853b_453e_ba0b_ae2265ece1c5.slice/cri-containerd-7c59733dd985adb318ea57a25edbe955d9fa812564dfe6437ec838429026d1aa.scope,mcr.microsoft.com/mirror/docker/library/rabbitmq:3.10-management-alpine,aks-agentpool-16759353-vmss000007,cadvisor,7c59733dd985adb318ea57a25edbe955d9fa812564dfe6437ec838429026d1aa,azure-store,rabbitmq-5dd7b7f876-p9k4d,1746853200,0.00005910413948451375
aks-sk-aks-eus2-dev,rabbitmq,total,/kubepods.slice/kubepods-burstable.slice/kubepods-burstable-pod37399476_853b_453e_ba0b_ae2265ece1c5.slice/cri-containerd-7c59733dd985adb318ea57a25edbe955d9fa812564dfe6437ec838429026d1aa.scope,mcr.microsoft.com/mirror/docker/library/rabbitmq:3.10-management-alpine,aks-agentpool-16759353-vmss000007,cadvisor,7c59733dd985adb318ea57a25edbe955d9fa812564dfe6437ec838429026d1aa,azure-store,rabbitmq-5dd7b7f876-p9k4d,1746939600,0.00005910413948451375
aks-sk-aks-eus2-dev,rabbitmq,total,/kubepods.slice/kubepods-burstable.slice/kubepods-burstable-pod37399476_853b_453e_ba0b_ae2265ece1c5.slice/cri-containerd-7c59733dd985adb318ea57a25edbe955d9fa812564dfe6437ec838429026d1aa.scope,mcr.microsoft.com/mirror/docker/library/rabbitmq:3.10-management-alpine,aks-agentpool-16759353-vmss000007,cadvisor,7c59733dd985adb318ea57a25edbe955d9fa812564dfe6437ec838429026d1aa,azure-store,rabbitmq-5dd7b7f876-p9k4d,1747026000,0.00005910413948451375
aks-sk-aks-eus2-dev,rabbitmq,total,/kubepods.slice/kubepods-burstable.slice/kubepods-burstable-pod37399476_853b_453e_ba0b_ae2265ece1c5.slice/cri-containerd-7c59733dd985adb318ea57a25edbe955d9fa812564dfe6437ec838429026d1aa.scope,mcr.microsoft.com/mirror/docker/library/rabbitmq:3.10-management-alpine,aks-agentpool-16759353-vmss000007,cadvisor,7c59733dd985adb318ea57a25edbe955d9fa812564dfe6437ec838429026d1aa,azure-store,rabbitmq-5dd7b7f876-p9k4d,1747112400,0.00005910413948451375
aks-sk-aks-eus2-dev,rabbitmq,total,/kubepods.slice/kubepods-burstable.slice/kubepods-burstable-pod37399476_853b_453e_ba0b_ae2265ece1c5.slice/cri-containerd-7c59733dd985adb318ea57a25edbe955d9fa812564dfe6437ec838429026d1aa.scope,mcr.microsoft.com/mirror/docker/library/rabbitmq:3.10-management-alpine,aks-agentpool-16759353-vmss000007,cadvisor,7c59733dd985adb318ea57a25edbe955d9fa812564dfe6437ec838429026d1aa,azure-store,rabbitmq-5dd7b7f876-p9k4d,1747198800,0.00005910413948451375
aks-sk-aks-eus2-dev,rabbitmq,total,/kubepods.slice/kubepods-burstable.slice/kubepods-burstable-pod37399476_853b_453e_ba0b_ae2265ece1c5.slice/cri-containerd-7c59733dd985adb318ea57a25edbe955d9fa812564dfe6437ec838429026d1aa.scope,mcr.microsoft.com/mirror/docker/library/rabbitmq:3.10-management-alpine,aks-agentpool-16759353-vmss000007,cadvisor,7c59733dd985adb318ea57a25edbe955d9fa812564dfe6437ec838429026d1aa,azure-store,rabbitmq-5dd7b7f876-p9k4d,1747285200,0.00005910413948451375
aks-sk-aks-eus2-dev,rabbitmq,total,/kubepods.slice/kubepods-burstable.slice/kubepods-burstable-pod37399476_853b_453e_ba0b_ae2265ece1c5.slice/cri-containerd-7c59733dd985adb318ea57a25edbe955d9fa812564dfe6437ec838429026d1aa.scope,mcr.microsoft.com/mirror/docker/library/rabbitmq:3.10-management-alpine,aks-agentpool-16759353-vmss000007,cadvisor,7c59733dd985adb318ea57a25edbe955d9fa812564dfe6437ec838429026d1aa,azure-store,rabbitmq-5dd7b7f876-p9k4d,1747371600,0.00005910413948451375
aks-sk-aks-eus2-dev,rabbitmq,total,/kubepods.slice/kubepods-burstable.slice/kubepods-burstable-pod871bd2fe_3790_40e8_a732_dc373e458b57.slice/cri-containerd-e4dc5e67e24ff84e0b7b9945ae83d4b44593aead9486be6aa117eb006d16cbb8.scope,mcr.microsoft.com/mirror/docker/library/rabbitmq:3.10-management-alpine,aks-agentpool-16759353-vmss000002,cadvisor,e4dc5e67e24ff84e0b7b9945ae83d4b44593aead9486be6aa117eb006d16cbb8,azure-store,rabbitmq-5dd7b7f876-6zrpv,1746594000,0.000050160379155118835
aks-sk-aks-eus2-dev,rabbitmq,total,/kubepods.slice/kubepods-burstable.slice/kubepods-burstable-pod871bd2fe_3790_40e8_a732_dc373e458b57.slice/cri-containerd-e4dc5e67e24ff84e0b7b9945ae83d4b44593aead9486be6aa117eb006d16cbb8.scope,mcr.microsoft.com/mirror/docker/library/rabbitmq:3.10-management-alpine,aks-agentpool-16759353-vmss000002,cadvisor,e4dc5e67e24ff84e0b7b9945ae83d4b44593aead9486be6aa117eb006d16cbb8,azure-store,rabbitmq-5dd7b7f876-6zrpv,1746680400,0.000050160379155118835
aks-sk-aks-eus2-dev,rabbitmq,total,/kubepods.slice/kubepods-burstable.slice/kubepods-burstable-pod871bd2fe_3790_40e8_a732_dc373e458b57.slice/cri-containerd-e4dc5e67e24ff84e0b7b9945ae83d4b44593aead9486be6aa117eb006d16cbb8.scope,mcr.microsoft.com/mirror/docker/library/rabbitmq:3.10-management-alpine,aks-agentpool-16759353-vmss000002,cadvisor,e4dc5e67e24ff84e0b7b9945ae83d4b44593aead9486be6aa117eb006d16cbb8,azure-store,rabbitmq-5dd7b7f876-6zrpv,1746766800,0.000050160379155118835
aks-sk-aks-eus2-dev,rabbitmq,total,/kubepods.slice/kubepods-burstable.slice/kubepods-burstable-pod871bd2fe_3790_40e8_a732_dc373e458b57.slice/cri-containerd-e4dc5e67e24ff84e0b7b9945ae83d4b44593aead9486be6aa117eb006d16cbb8.scope,mcr.microsoft.com/mirror/docker/library/rabbitmq:3.10-management-alpine,aks-agentpool-16759353-vmss000002,cadvisor,e4dc5e67e24ff84e0b7b9945ae83d4b44593aead9486be6aa117eb006d16cbb8,azure-store,rabbitmq-5dd7b7f876-6zrpv,1746853200,0.000050160379155118835
aks-sk-aks-eus2-dev,rabbitmq,total,/kubepods.slice/kubepods-burstable.slice/kubepods-burstable-pod871bd2fe_3790_40e8_a732_dc373e458b57.slice/cri-containerd-e4dc5e67e24ff84e0b7b9945ae83d4b44593aead9486be6aa117eb006d16cbb8.scope,mcr.microsoft.com/mirror/docker/library/rabbitmq:3.10-management-alpine,aks-agentpool-16759353-vmss000002,cadvisor,e4dc5e67e24ff84e0b7b9945ae83d4b44593aead9486be6aa117eb006d16cbb8,azure-store,rabbitmq-5dd7b7f876-6zrpv,1746939600,0.000050160379155118835
aks-sk-aks-eus2-dev,rabbitmq,total,/kubepods.slice/kubepods-burstable.slice/kubepods-burstable-pod871bd2fe_3790_40e8_a732_dc373e458b57.slice/cri-containerd-e4dc5e67e24ff84e0b7b9945ae83d4b44593aead9486be6aa117eb006d16cbb8.scope,mcr.microsoft.com/mirror/docker/library/rabbitmq:3.10-management-alpine,aks-agentpool-16759353-vmss000002,cadvisor,e4dc5e67e24ff84e0b7b9945ae83d4b44593aead9486be6aa117eb006d16cbb8,azure-store,rabbitmq-5dd7b7f876-6zrpv,1747026000,0.000050160379155118835
aks-sk-aks-eus2-dev,rabbitmq,total,/kubepods.slice/kubepods-burstable.slice/kubepods-burstable-pod871bd2fe_3790_40e8_a732_dc373e458b57.slice/cri-containerd-e4dc5e67e24ff84e0b7b9945ae83d4b44593aead9486be6aa117eb006d16cbb8.scope,mcr.microsoft.com/mirror/docker/library/rabbitmq:3.10-management-alpine,aks-agentpool-16759353-vmss000002,cadvisor,e4dc5e67e24ff84e0b7b9945ae83d4b44593aead9486be6aa117eb006d16cbb8,azure-store,rabbitmq-5dd7b7f876-6zrpv,1747112400,0.000050160379155118835
aks-sk-aks-eus2-dev,rabbitmq,total,/kubepods.slice/kubepods-burstable.slice/kubepods-burstable-pod871bd2fe_3790_40e8_a732_dc373e458b57.slice/cri-containerd-e4dc5e67e24ff84e0b7b9945ae83d4b44593aead9486be6aa117eb006d16cbb8.scope,mcr.microsoft.com/mirror/docker/library/rabbitmq:3.10-management-alpine,aks-agentpool-16759353-vmss000002,cadvisor,e4dc5e67e24ff84e0b7b9945ae83d4b44593aead9486be6aa117eb006d16cbb8,azure-store,rabbitmq-5dd7b7f876-6zrpv,1747198800,0.000050160379155118835
aks-sk-aks-eus2-dev,rabbitmq,total,/kubepods.slice/kubepods-burstable.slice/kubepods-burstable-pod871bd2fe_3790_40e8_a732_dc373e458b57.slice/cri-containerd-e4dc5e67e24ff84e0b7b9945ae83d4b44593aead9486be6aa117eb006d16cbb8.scope,mcr.microsoft.com/mirror/docker/library/rabbitmq:3.10-management-alpine,aks-agentpool-16759353-vmss000002,cadvisor,e4dc5e67e24ff84e0b7b9945ae83d4b44593aead9486be6aa117eb006d16cbb8,azure-store,rabbitmq-5dd7b7f876-6zrpv,1747285200,0.000050160379155118835
aks-sk-aks-eus2-dev,rabbitmq,total,/kubepods.slice/kubepods-burstable.slice/kubepods-burstable-pod871bd2fe_3790_40e8_a732_dc373e458b57.slice/cri-containerd-e4dc5e67e24ff84e0b7b9945ae83d4b44593aead9486be6aa117eb006d16cbb8.scope,mcr.microsoft.com/mirror/docker/library/rabbitmq:3.10-management-alpine,aks-agentpool-16759353-vmss000002,cadvisor,e4dc5e67e24ff84e0b7b9945ae83d4b44593aead9486be6aa117eb006d16cbb8,azure-store,rabbitmq-5dd7b7f876-6zrpv,1747371600,0.000050160379155118835
aks-sk-aks-eus2-dev,rabbitmq,total,/kubepods.slice/kubepods-burstable.slice/kubepods-burstable-podb83db49f_edba_47a1_8a3f_fbf0547b235c.slice/cri-containerd-47463f69232bbcabebfc820c7ae4c11f7b1988fdd500268d9f3ca9ab8e799d12.scope,mcr.microsoft.com/mirror/docker/library/rabbitmq:3.10-management-alpine,aks-agentpool-16759353-vmss000009,cadvisor,47463f69232bbcabebfc820c7ae4c11f7b1988fdd500268d9f3ca9ab8e799d12,azure-store,rabbitmq-5dd7b7f876-zqr4b,1746766800,0.0000667352807724369
aks-sk-aks-eus2-dev,rabbitmq,total,/kubepods.slice/kubepods-burstable.slice/kubepods-burstable-podb83db49f_edba_47a1_8a3f_fbf0547b235c.slice/cri-containerd-47463f69232bbcabebfc820c7ae4c11f7b1988fdd500268d9f3ca9ab8e799d12.scope,mcr.microsoft.com/mirror/docker/library/rabbitmq:3.10-management-alpine,aks-agentpool-16759353-vmss000009,cadvisor,47463f69232bbcabebfc820c7ae4c11f7b1988fdd500268d9f3ca9ab8e799d12,azure-store,rabbitmq-5dd7b7f876-zqr4b,1746853200,0.0000667352807724369
aks-sk-aks-eus2-dev,rabbitmq,total,/kubepods.slice/kubepods-burstable.slice/kubepods-burstable-podb83db49f_edba_47a1_8a3f_fbf0547b235c.slice/cri-containerd-47463f69232bbcabebfc820c7ae4c11f7b1988fdd500268d9f3ca9ab8e799d12.scope,mcr.microsoft.com/mirror/docker/library/rabbitmq:3.10-management-alpine,aks-agentpool-16759353-vmss000009,cadvisor,47463f69232bbcabebfc820c7ae4c11f7b1988fdd500268d9f3ca9ab8e799d12,azure-store,rabbitmq-5dd7b7f876-zqr4b,1746939600,0.0000667352807724369
aks-sk-aks-eus2-dev,rabbitmq,total,/kubepods.slice/kubepods-burstable.slice/kubepods-burstable-podb83db49f_edba_47a1_8a3f_fbf0547b235c.slice/cri-containerd-47463f69232bbcabebfc820c7ae4c11f7b1988fdd500268d9f3ca9ab8e799d12.scope,mcr.microsoft.com/mirror/docker/library/rabbitmq:3.10-management-alpine,aks-agentpool-16759353-vmss000009,cadvisor,47463f69232bbcabebfc820c7ae4c11f7b1988fdd500268d9f3ca9ab8e799d12,azure-store,rabbitmq-5dd7b7f876-zqr4b,1747026000,0.0000667352807724369
aks-sk-aks-eus2-dev,rabbitmq,total,/kubepods.slice/kubepods-burstable.slice/kubepods-burstable-podb83db49f_edba_47a1_8a3f_fbf0547b235c.slice/cri-containerd-47463f69232bbcabebfc820c7ae4c11f7b1988fdd500268d9f3ca9ab8e799d12.scope,mcr.microsoft.com/mirror/docker/library/rabbitmq:3.10-management-alpine,aks-agentpool-16759353-vmss000009,cadvisor,47463f69232bbcabebfc820c7ae4c11f7b1988fdd500268d9f3ca9ab8e799d12,azure-store,rabbitmq-5dd7b7f876-zqr4b,1747112400,0.0000667352807724369
aks-sk-aks-eus2-dev,rabbitmq,total,/kubepods.slice/kubepods-burstable.slice/kubepods-burstable-podb83db49f_edba_47a1_8a3f_fbf0547b235c.slice/cri-containerd-47463f69232bbcabebfc820c7ae4c11f7b1988fdd500268d9f3ca9ab8e799d12.scope,mcr.microsoft.com/mirror/docker/library/rabbitmq:3.10-management-alpine,aks-agentpool-16759353-vmss000009,cadvisor,47463f69232bbcabebfc820c7ae4c11f7b1988fdd500268d9f3ca9ab8e799d12,azure-store,rabbitmq-5dd7b7f876-zqr4b,1747198800,0.0000667352807724369
aks-sk-aks-eus2-dev,rabbitmq,total,/kubepods.slice/kubepods-burstable.slice/kubepods-burstable-podb83db49f_edba_47a1_8a3f_fbf0547b235c.slice/cri-containerd-47463f69232bbcabebfc820c7ae4c11f7b1988fdd500268d9f3ca9ab8e799d12.scope,mcr.microsoft.com/mirror/docker/library/rabbitmq:3.10-management-alpine,aks-agentpool-16759353-vmss000009,cadvisor,47463f69232bbcabebfc820c7ae4c11f7b1988fdd500268d9f3ca9ab8e799d12,azure-store,rabbitmq-5dd7b7f876-zqr4b,1747285200,0.0000667352807724369
aks-sk-aks-eus2-dev,rabbitmq,total,/kubepods.slice/kubepods-burstable.slice/kubepods-burstable-podb83db49f_edba_47a1_8a3f_fbf0547b235c.slice/cri-containerd-47463f69232bbcabebfc820c7ae4c11f7b1988fdd500268d9f3ca9ab8e799d12.scope,mcr.microsoft.com/mirror/docker/library/rabbitmq:3.10-management-alpine,aks-agentpool-16759353-vmss000009,cadvisor,47463f69232bbcabebfc820c7ae4c11f7b1988fdd500268d9f3ca9ab8e799d12,azure-store,rabbitmq-5dd7b7f876-zqr4b,1747371600,0.0000667352807724369
aks-sk-aks-eus2-dev,rabbitmq,total,/kubepods.slice/kubepods-burstable.slice/kubepods-burstable-podc37dbe5d_7a9b_4bc7_a5b4_5c4608f1f7a8.slice/cri-containerd-cb82559c3b474ab3ee9b6af2f75824539e77030027029b407279d27b30b61885.scope,mcr.microsoft.com/mirror/docker/library/rabbitmq:3.10-management-alpine,aks-agentpool-16759353-vmss000005,cadvisor,cb82559c3b474ab3ee9b6af2f75824539e77030027029b407279d27b30b61885,azure-store,rabbitmq-5dd7b7f876-82lxx,1746594000,0.000003449771753858024
aks-sk-aks-eus2-dev,rabbitmq,total,/kubepods.slice/kubepods-burstable.slice/kubepods-burstable-podc37dbe5d_7a9b_4bc7_a5b4_5c4608f1f7a8.slice/cri-containerd-cb82559c3b474ab3ee9b6af2f75824539e77030027029b407279d27b30b61885.scope,mcr.microsoft.com/mirror/docker/library/rabbitmq:3.10-management-alpine,aks-agentpool-16759353-vmss000005,cadvisor,cb82559c3b474ab3ee9b6af2f75824539e77030027029b407279d27b30b61885,azure-store,rabbitmq-5dd7b7f876-82lxx,1746680400,0.000010688171140939595
aks-sk-aks-eus2-dev,rabbitmq,total,/kubepods.slice/kubepods-burstable.slice/kubepods-burstable-podc37dbe5d_7a9b_4bc7_a5b4_5c4608f1f7a8.slice/cri-containerd-cb82559c3b474ab3ee9b6af2f75824539e77030027029b407279d27b30b61885.scope,mcr.microsoft.com/mirror/docker/library/rabbitmq:3.10-management-alpine,aks-agentpool-16759353-vmss000005,cadvisor,cb82559c3b474ab3ee9b6af2f75824539e77030027029b407279d27b30b61885,azure-store,rabbitmq-5dd7b7f876-82lxx,1746766800,0.000010688171140939595
aks-sk-aks-eus2-dev,rabbitmq,total,/kubepods.slice/kubepods-burstable.slice/kubepods-burstable-podc37dbe5d_7a9b_4bc7_a5b4_5c4608f1f7a8.slice/cri-containerd-cb82559c3b474ab3ee9b6af2f75824539e77030027029b407279d27b30b61885.scope,mcr.microsoft.com/mirror/docker/library/rabbitmq:3.10-management-alpine,aks-agentpool-16759353-vmss000005,cadvisor,cb82559c3b474ab3ee9b6af2f75824539e77030027029b407279d27b30b61885,azure-store,rabbitmq-5dd7b7f876-82lxx,1746853200,0.000010688171140939595
aks-sk-aks-eus2-dev,rabbitmq,total,/kubepods.slice/kubepods-burstable.slice/kubepods-burstable-podc37dbe5d_7a9b_4bc7_a5b4_5c4608f1f7a8.slice/cri-containerd-cb82559c3b474ab3ee9b6af2f75824539e77030027029b407279d27b30b61885.scope,mcr.microsoft.com/mirror/docker/library/rabbitmq:3.10-management-alpine,aks-agentpool-16759353-vmss000005,cadvisor,cb82559c3b474ab3ee9b6af2f75824539e77030027029b407279d27b30b61885,azure-store,rabbitmq-5dd7b7f876-82lxx,1746939600,0.000010688171140939595
aks-sk-aks-eus2-dev,rabbitmq,total,/kubepods.slice/kubepods-burstable.slice/kubepods-burstable-podc37dbe5d_7a9b_4bc7_a5b4_5c4608f1f7a8.slice/cri-containerd-cb82559c3b474ab3ee9b6af2f75824539e77030027029b407279d27b30b61885.scope,mcr.microsoft.com/mirror/docker/library/rabbitmq:3.10-management-alpine,aks-agentpool-16759353-vmss000005,cadvisor,cb82559c3b474ab3ee9b6af2f75824539e77030027029b407279d27b30b61885,azure-store,rabbitmq-5dd7b7f876-82lxx,1747026000,0.000010688171140939595
aks-sk-aks-eus2-dev,rabbitmq,total,/kubepods.slice/kubepods-burstable.slice/kubepods-burstable-podc37dbe5d_7a9b_4bc7_a5b4_5c4608f1f7a8.slice/cri-containerd-cb82559c3b474ab3ee9b6af2f75824539e77030027029b407279d27b30b61885.scope,mcr.microsoft.com/mirror/docker/library/rabbitmq:3.10-management-alpine,aks-agentpool-16759353-vmss000005,cadvisor,cb82559c3b474ab3ee9b6af2f75824539e77030027029b407279d27b30b61885,azure-store,rabbitmq-5dd7b7f876-82lxx,1747112400,0.000010688171140939595
aks-sk-aks-eus2-dev,rabbitmq,total,/kubepods.slice/kubepods-burstable.slice/kubepods-burstable-podc37dbe5d_7a9b_4bc7_a5b4_5c4608f1f7a8.slice/cri-containerd-cb82559c3b474ab3ee9b6af2f75824539e77030027029b407279d27b30b61885.scope,mcr.microsoft.com/mirror/docker/library/rabbitmq:3.10-management-alpine,aks-agentpool-16759353-vmss000005,cadvisor,cb82559c3b474ab3ee9b6af2f75824539e77030027029b407279d27b30b61885,azure-store,rabbitmq-5dd7b7f876-82lxx,1747198800,0.000010688171140939595
aks-sk-aks-eus2-dev,rabbitmq,total,/kubepods.slice/kubepods-burstable.slice/kubepods-burstable-podc37dbe5d_7a9b_4bc7_a5b4_5c4608f1f7a8.slice/cri-containerd-cb82559c3b474ab3ee9b6af2f75824539e77030027029b407279d27b30b61885.scope,mcr.microsoft.com/mirror/docker/library/rabbitmq:3.10-management-alpine,aks-agentpool-16759353-vmss000005,cadvisor,cb82559c3b474ab3ee9b6af2f75824539e77030027029b407279d27b30b61885,azure-store,rabbitmq-5dd7b7f876-82lxx,1747285200,0.000010688171140939595
aks-sk-aks-eus2-dev,rabbitmq,total,/kubepods.slice/kubepods-burstable.slice/kubepods-burstable-podc37dbe5d_7a9b_4bc7_a5b4_5c4608f1f7a8.slice/cri-containerd-cb82559c3b474ab3ee9b6af2f75824539e77030027029b407279d27b30b61885.scope,mcr.microsoft.com/mirror/docker/library/rabbitmq:3.10-management-alpine,aks-agentpool-16759353-vmss000005,cadvisor,cb82559c3b474ab3ee9b6af2f75824539e77030027029b407279d27b30b61885,azure-store,rabbitmq-5dd7b7f876-82lxx,1747371600,0.000010688171140939595
aks-sk-aks-eus2-dev,rabbitmq,total,/kubepods.slice/kubepods-burstable.slice/kubepods-burstable-podf888784f_3afc_4a7c_82a3_c7d955a03d25.slice/cri-containerd-8b502c1951ade3e3251efc17a3513937bf18293ca4699b064b1ede6d87a0ef08.scope,mcr.microsoft.com/mirror/docker/library/rabbitmq:3.10-management-alpine,aks-agentpool-16759353-vmss000000,cadvisor,8b502c1951ade3e3251efc17a3513937bf18293ca4699b064b1ede6d87a0ef08,azure-store,rabbitmq-5dd7b7f876-ncbc5,1746507600,0.00002877185237707183
aks-sk-aks-eus2-dev,rabbitmq,total,/kubepods.slice/kubepods-burstable.slice/kubepods-burstable-podf888784f_3afc_4a7c_82a3_c7d955a03d25.slice/cri-containerd-8b502c1951ade3e3251efc17a3513937bf18293ca4699b064b1ede6d87a0ef08.scope,mcr.microsoft.com/mirror/docker/library/rabbitmq:3.10-management-alpine,aks-agentpool-16759353-vmss000000,cadvisor,8b502c1951ade3e3251efc17a3513937bf18293ca4699b064b1ede6d87a0ef08,azure-store,rabbitmq-5dd7b7f876-ncbc5,1746594000,0.00003916360872253994
aks-sk-aks-eus2-dev,rabbitmq,total,/kubepods.slice/kubepods-burstable.slice/kubepods-burstable-podf888784f_3afc_4a7c_82a3_c7d955a03d25.slice/cri-containerd-8b502c1951ade3e3251efc17a3513937bf18293ca4699b064b1ede6d87a0ef08.scope,mcr.microsoft.com/mirror/docker/library/rabbitmq:3.10-management-alpine,aks-agentpool-16759353-vmss000000,cadvisor,8b502c1951ade3e3251efc17a3513937bf18293ca4699b064b1ede6d87a0ef08,azure-store,rabbitmq-5dd7b7f876-ncbc5,1746680400,0.00003916360872253994
aks-sk-aks-eus2-dev,rabbitmq,total,/kubepods.slice/kubepods-burstable.slice/kubepods-burstable-podf888784f_3afc_4a7c_82a3_c7d955a03d25.slice/cri-containerd-8b502c1951ade3e3251efc17a3513937bf18293ca4699b064b1ede6d87a0ef08.scope,mcr.microsoft.com/mirror/docker/library/rabbitmq:3.10-management-alpine,aks-agentpool-16759353-vmss000000,cadvisor,8b502c1951ade3e3251efc17a3513937bf18293ca4699b064b1ede6d87a0ef08,azure-store,rabbitmq-5dd7b7f876-ncbc5,1746766800,0.00003916360872253994
aks-sk-aks-eus2-dev,rabbitmq,total,/kubepods.slice/kubepods-burstable.slice/kubepods-burstable-podf888784f_3afc_4a7c_82a3_c7d955a03d25.slice/cri-containerd-8b502c1951ade3e3251efc17a3513937bf18293ca4699b064b1ede6d87a0ef08.scope,mcr.microsoft.com/mirror/docker/library/rabbitmq:3.10-management-alpine,aks-agentpool-16759353-vmss000000,cadvisor,8b502c1951ade3e3251efc17a3513937bf18293ca4699b064b1ede6d87a0ef08,azure-store,rabbitmq-5dd7b7f876-ncbc5,1746853200,0.00003916360872253994
aks-sk-aks-eus2-dev,rabbitmq,total,/kubepods.slice/kubepods-burstable.slice/kubepods-burstable-podf888784f_3afc_4a7c_82a3_c7d955a03d25.slice/cri-containerd-8b502c1951ade3e3251efc17a3513937bf18293ca4699b064b1ede6d87a0ef08.scope,mcr.microsoft.com/mirror/docker/library/rabbitmq:3.10-management-alpine,aks-agentpool-16759353-vmss000000,cadvisor,8b502c1951ade3e3251efc17a3513937bf18293ca4699b064b1ede6d87a0ef08,azure-store,rabbitmq-5dd7b7f876-ncbc5,1746939600,0.00003916360872253994
aks-sk-aks-eus2-dev,rabbitmq,total,/kubepods.slice/kubepods-burstable.slice/kubepods-burstable-podf888784f_3afc_4a7c_82a3_c7d955a03d25.slice/cri-containerd-8b502c1951ade3e3251efc17a3513937bf18293ca4699b064b1ede6d87a0ef08.scope,mcr.microsoft.com/mirror/docker/library/rabbitmq:3.10-management-alpine,aks-agentpool-16759353-vmss000000,cadvisor,8b502c1951ade3e3251efc17a3513937bf18293ca4699b064b1ede6d87a0ef08,azure-store,rabbitmq-5dd7b7f876-ncbc5,1747026000,0.00003916360872253994
aks-sk-aks-eus2-dev,rabbitmq,total,/kubepods.slice/kubepods-burstable.slice/kubepods-burstable-podf888784f_3afc_4a7c_82a3_c7d955a03d25.slice/cri-containerd-8b502c1951ade3e3251efc17a3513937bf18293ca4699b064b1ede6d87a0ef08.scope,mcr.microsoft.com/mirror/docker/library/rabbitmq:3.10-management-alpine,aks-agentpool-16759353-vmss000000,cadvisor,8b502c1951ade3e3251efc17a3513937bf18293ca4699b064b1ede6d87a0ef08,azure-store,rabbitmq-5dd7b7f876-ncbc5,1747112400,0.00003916360872253994
aks-sk-aks-eus2-dev,rabbitmq,total,/kubepods.slice/kubepods-burstable.slice/kubepods-burstable-podf888784f_3afc_4a7c_82a3_c7d955a03d25.slice/cri-containerd-8b502c1951ade3e3251efc17a3513937bf18293ca4699b064b1ede6d87a0ef08.scope,mcr.microsoft.com/mirror/docker/library/rabbitmq:3.10-management-alpine,aks-agentpool-16759353-vmss000000,cadvisor,8b502c1951ade3e3251efc17a3513937bf18293ca4699b064b1ede6d87a0ef08,azure-store,rabbitmq-5dd7b7f876-ncbc5,1747198800,0.00003916360872253994
aks-sk-aks-eus2-dev,rabbitmq,total,/kubepods.slice/kubepods-burstable.slice/kubepods-burstable-podf888784f_3afc_4a7c_82a3_c7d955a03d25.slice/cri-containerd-8b502c1951ade3e3251efc17a3513937bf18293ca4699b064b1ede6d87a0ef08.scope,mcr.microsoft.com/mirror/docker/library/rabbitmq:3.10-management-alpine,aks-agentpool-16759353-vmss000000,cadvisor,8b502c1951ade3e3251efc17a3513937bf18293ca4699b064b1ede6d87a0ef08,azure-store,rabbitmq-5dd7b7f876-ncbc5,1747285200,0.00003916360872253994
aks-sk-aks-eus2-dev,rabbitmq,total,/kubepods.slice/kubepods-burstable.slice/kubepods-burstable-podf888784f_3afc_4a7c_82a3_c7d955a03d25.slice/cri-containerd-8b502c1951ade3e3251efc17a3513937bf18293ca4699b064b1ede6d87a0ef08.scope,mcr.microsoft.com/mirror/docker/library/rabbitmq:3.10-management-alpine,aks-agentpool-16759353-vmss000000,cadvisor,8b502c1951ade3e3251efc17a3513937bf18293ca4699b064b1ede6d87a0ef08,azure-store,rabbitmq-5dd7b7f876-ncbc5,1747371600,0.00003916360872253994
aks-sk-aks-eus2-dev,store-front,total,/kubepods.slice/kubepods-burstable.slice/kubepods-burstable-pod0e7188ea_59c5_4d31_a9a6_f92a7bc9aec0.slice/cri-containerd-b6eb48eeef802a6b05ccc989a5c81350308aa3663a64a48052958a48c3fa4fcd.scope,ghcr.io/azure-samples/aks-store-demo/store-front:latest,aks-agentpool-16759353-vmss000005,cadvisor,b6eb48eeef802a6b05ccc989a5c81350308aa3663a64a48052958a48c3fa4fcd,azure-store,store-front-6d979fbc7c-x4djv,1746594000,0.00000003007688274512598
aks-sk-aks-eus2-dev,store-front,total,/kubepods.slice/kubepods-burstable.slice/kubepods-burstable-pod0e7188ea_59c5_4d31_a9a6_f92a7bc9aec0.slice/cri-containerd-b6eb48eeef802a6b05ccc989a5c81350308aa3663a64a48052958a48c3fa4fcd.scope,ghcr.io/azure-samples/aks-store-demo/store-front:latest,aks-agentpool-16759353-vmss000005,cadvisor,b6eb48eeef802a6b05ccc989a5c81350308aa3663a64a48052958a48c3fa4fcd,azure-store,store-front-6d979fbc7c-x4djv,1746680400,0.00000008819871675366643
aks-sk-aks-eus2-dev,store-front,total,/kubepods.slice/kubepods-burstable.slice/kubepods-burstable-pod0e7188ea_59c5_4d31_a9a6_f92a7bc9aec0.slice/cri-containerd-b6eb48eeef802a6b05ccc989a5c81350308aa3663a64a48052958a48c3fa4fcd.scope,ghcr.io/azure-samples/aks-store-demo/store-front:latest,aks-agentpool-16759353-vmss000005,cadvisor,b6eb48eeef802a6b05ccc989a5c81350308aa3663a64a48052958a48c3fa4fcd,azure-store,store-front-6d979fbc7c-x4djv,1746766800,0.00000008819871675366643
aks-sk-aks-eus2-dev,store-front,total,/kubepods.slice/kubepods-burstable.slice/kubepods-burstable-pod0e7188ea_59c5_4d31_a9a6_f92a7bc9aec0.slice/cri-containerd-b6eb48eeef802a6b05ccc989a5c81350308aa3663a64a48052958a48c3fa4fcd.scope,ghcr.io/azure-samples/aks-store-demo/store-front:latest,aks-agentpool-16759353-vmss000005,cadvisor,b6eb48eeef802a6b05ccc989a5c81350308aa3663a64a48052958a48c3fa4fcd,azure-store,store-front-6d979fbc7c-x4djv,1746853200,0.00000008819871675366643
aks-sk-aks-eus2-dev,store-front,total,/kubepods.slice/kubepods-burstable.slice/kubepods-burstable-pod0e7188ea_59c5_4d31_a9a6_f92a7bc9aec0.slice/cri-containerd-b6eb48eeef802a6b05ccc989a5c81350308aa3663a64a48052958a48c3fa4fcd.scope,ghcr.io/azure-samples/aks-store-demo/store-front:latest,aks-agentpool-16759353-vmss000005,cadvisor,b6eb48eeef802a6b05ccc989a5c81350308aa3663a64a48052958a48c3fa4fcd,azure-store,store-front-6d979fbc7c-x4djv,1746939600,0.00000008819871675366643
aks-sk-aks-eus2-dev,store-front,total,/kubepods.slice/kubepods-burstable.slice/kubepods-burstable-pod0e7188ea_59c5_4d31_a9a6_f92a7bc9aec0.slice/cri-containerd-b6eb48eeef802a6b05ccc989a5c81350308aa3663a64a48052958a48c3fa4fcd.scope,ghcr.io/azure-samples/aks-store-demo/store-front:latest,aks-agentpool-16759353-vmss000005,cadvisor,b6eb48eeef802a6b05ccc989a5c81350308aa3663a64a48052958a48c3fa4fcd,azure-store,store-front-6d979fbc7c-x4djv,1747026000,0.00000008819871675366643
aks-sk-aks-eus2-dev,store-front,total,/kubepods.slice/kubepods-burstable.slice/kubepods-burstable-pod0e7188ea_59c5_4d31_a9a6_f92a7bc9aec0.slice/cri-containerd-b6eb48eeef802a6b05ccc989a5c81350308aa3663a64a48052958a48c3fa4fcd.scope,ghcr.io/azure-samples/aks-store-demo/store-front:latest,aks-agentpool-16759353-vmss000005,cadvisor,b6eb48eeef802a6b05ccc989a5c81350308aa3663a64a48052958a48c3fa4fcd,azure-store,store-front-6d979fbc7c-x4djv,1747112400,0.00000008819871675366643
aks-sk-aks-eus2-dev,store-front,total,/kubepods.slice/kubepods-burstable.slice/kubepods-burstable-pod0e7188ea_59c5_4d31_a9a6_f92a7bc9aec0.slice/cri-containerd-b6eb48eeef802a6b05ccc989a5c81350308aa3663a64a48052958a48c3fa4fcd.scope,ghcr.io/azure-samples/aks-store-demo/store-front:latest,aks-agentpool-16759353-vmss000005,cadvisor,b6eb48eeef802a6b05ccc989a5c81350308aa3663a64a48052958a48c3fa4fcd,azure-store,store-front-6d979fbc7c-x4djv,1747198800,0.00000008819871675366643
aks-sk-aks-eus2-dev,store-front,total,/kubepods.slice/kubepods-burstable.slice/kubepods-burstable-pod0e7188ea_59c5_4d31_a9a6_f92a7bc9aec0.slice/cri-containerd-b6eb48eeef802a6b05ccc989a5c81350308aa3663a64a48052958a48c3fa4fcd.scope,ghcr.io/azure-samples/aks-store-demo/store-front:latest,aks-agentpool-16759353-vmss000005,cadvisor,b6eb48eeef802a6b05ccc989a5c81350308aa3663a64a48052958a48c3fa4fcd,azure-store,store-front-6d979fbc7c-x4djv,1747285200,0.00000008819871675366643
aks-sk-aks-eus2-dev,store-front,total,/kubepods.slice/kubepods-burstable.slice/kubepods-burstable-pod0e7188ea_59c5_4d31_a9a6_f92a7bc9aec0.slice/cri-containerd-b6eb48eeef802a6b05ccc989a5c81350308aa3663a64a48052958a48c3fa4fcd.scope,ghcr.io/azure-samples/aks-store-demo/store-front:latest,aks-agentpool-16759353-vmss000005,cadvisor,b6eb48eeef802a6b05ccc989a5c81350308aa3663a64a48052958a48c3fa4fcd,azure-store,store-front-6d979fbc7c-x4djv,1747371600,0.00000008819871675366643
aks-sk-aks-eus2-dev,store-front,total,/kubepods.slice/kubepods-burstable.slice/kubepods-burstable-pod207efb7e_06a9_4aa5_b0bc_d53eaa9cc761.slice/cri-containerd-6dd12b6753d8606f7d3d51626e853ceee31154f57b9b16bd5b2f781b6c877032.scope,ghcr.io/azure-samples/aks-store-demo/store-front:latest,aks-agentpool-16759353-vmss000007,cadvisor,6dd12b6753d8606f7d3d51626e853ceee31154f57b9b16bd5b2f781b6c877032,azure-store,store-front-6d979fbc7c-wjs54,1746680400,0.0000004834648725723775
aks-sk-aks-eus2-dev,store-front,total,/kubepods.slice/kubepods-burstable.slice/kubepods-burstable-pod207efb7e_06a9_4aa5_b0bc_d53eaa9cc761.slice/cri-containerd-6dd12b6753d8606f7d3d51626e853ceee31154f57b9b16bd5b2f781b6c877032.scope,ghcr.io/azure-samples/aks-store-demo/store-front:latest,aks-agentpool-16759353-vmss000007,cadvisor,6dd12b6753d8606f7d3d51626e853ceee31154f57b9b16bd5b2f781b6c877032,azure-store,store-front-6d979fbc7c-wjs54,1746766800,0.0000004834648725723775
aks-sk-aks-eus2-dev,store-front,total,/kubepods.slice/kubepods-burstable.slice/kubepods-burstable-pod207efb7e_06a9_4aa5_b0bc_d53eaa9cc761.slice/cri-containerd-6dd12b6753d8606f7d3d51626e853ceee31154f57b9b16bd5b2f781b6c877032.scope,ghcr.io/azure-samples/aks-store-demo/store-front:latest,aks-agentpool-16759353-vmss000007,cadvisor,6dd12b6753d8606f7d3d51626e853ceee31154f57b9b16bd5b2f781b6c877032,azure-store,store-front-6d979fbc7c-wjs54,1746853200,0.0000004834648725723775
aks-sk-aks-eus2-dev,store-front,total,/kubepods.slice/kubepods-burstable.slice/kubepods-burstable-pod207efb7e_06a9_4aa5_b0bc_d53eaa9cc761.slice/cri-containerd-6dd12b6753d8606f7d3d51626e853ceee31154f57b9b16bd5b2f781b6c877032.scope,ghcr.io/azure-samples/aks-store-demo/store-front:latest,aks-agentpool-16759353-vmss000007,cadvisor,6dd12b6753d8606f7d3d51626e853ceee31154f57b9b16bd5b2f781b6c877032,azure-store,store-front-6d979fbc7c-wjs54,1746939600,0.0000004834648725723775
aks-sk-aks-eus2-dev,store-front,total,/kubepods.slice/kubepods-burstable.slice/kubepods-burstable-pod207efb7e_06a9_4aa5_b0bc_d53eaa9cc761.slice/cri-containerd-6dd12b6753d8606f7d3d51626e853ceee31154f57b9b16bd5b2f781b6c877032.scope,ghcr.io/azure-samples/aks-store-demo/store-front:latest,aks-agentpool-16759353-vmss000007,cadvisor,6dd12b6753d8606f7d3d51626e853ceee31154f57b9b16bd5b2f781b6c877032,azure-store,store-front-6d979fbc7c-wjs54,1747026000,0.0000004834648725723775
aks-sk-aks-eus2-dev,store-front,total,/kubepods.slice/kubepods-burstable.slice/kubepods-burstable-pod207efb7e_06a9_4aa5_b0bc_d53eaa9cc761.slice/cri-containerd-6dd12b6753d8606f7d3d51626e853ceee31154f57b9b16bd5b2f781b6c877032.scope,ghcr.io/azure-samples/aks-store-demo/store-front:latest,aks-agentpool-16759353-vmss000007,cadvisor,6dd12b6753d8606f7d3d51626e853ceee31154f57b9b16bd5b2f781b6c877032,azure-store,store-front-6d979fbc7c-wjs54,1747112400,0.0000004834648725723775
aks-sk-aks-eus2-dev,store-front,total,/kubepods.slice/kubepods-burstable.slice/kubepods-burstable-pod207efb7e_06a9_4aa5_b0bc_d53eaa9cc761.slice/cri-containerd-6dd12b6753d8606f7d3d51626e853ceee31154f57b9b16bd5b2f781b6c877032.scope,ghcr.io/azure-samples/aks-store-demo/store-front:latest,aks-agentpool-16759353-vmss000007,cadvisor,6dd12b6753d8606f7d3d51626e853ceee31154f57b9b16bd5b2f781b6c877032,azure-store,store-front-6d979fbc7c-wjs54,1747198800,0.0000004834648725723775
aks-sk-aks-eus2-dev,store-front,total,/kubepods.slice/kubepods-burstable.slice/kubepods-burstable-pod207efb7e_06a9_4aa5_b0bc_d53eaa9cc761.slice/cri-containerd-6dd12b6753d8606f7d3d51626e853ceee31154f57b9b16bd5b2f781b6c877032.scope,ghcr.io/azure-samples/aks-store-demo/store-front:latest,aks-agentpool-16759353-vmss000007,cadvisor,6dd12b6753d8606f7d3d51626e853ceee31154f57b9b16bd5b2f781b6c877032,azure-store,store-front-6d979fbc7c-wjs54,1747285200,0.0000004834648725723775
aks-sk-aks-eus2-dev,store-front,total,/kubepods.slice/kubepods-burstable.slice/kubepods-burstable-pod207efb7e_06a9_4aa5_b0bc_d53eaa9cc761.slice/cri-containerd-6dd12b6753d8606f7d3d51626e853ceee31154f57b9b16bd5b2f781b6c877032.scope,ghcr.io/azure-samples/aks-store-demo/store-front:latest,aks-agentpool-16759353-vmss000007,cadvisor,6dd12b6753d8606f7d3d51626e853ceee31154f57b9b16bd5b2f781b6c877032,azure-store,store-front-6d979fbc7c-wjs54,1747371600,0.0000004834648725723775
aks-sk-aks-eus2-dev,store-front,total,/kubepods.slice/kubepods-burstable.slice/kubepods-burstable-pod3b5e1e6d_8b51_423f_93c9_6d4f3982d6a3.slice/cri-containerd-72cb7b880199ff918b5c271d46d9ba448be8903b8037768c8ec81a1304bc446f.scope,ghcr.io/azure-samples/aks-store-demo/store-front:latest,aks-agentpool-16759353-vmss000001,cadvisor,72cb7b880199ff918b5c271d46d9ba448be8903b8037768c8ec81a1304bc446f,azure-store,store-front-6d979fbc7c-6476w,1746507600,0.00000024650846239266476
aks-sk-aks-eus2-dev,store-front,total,/kubepods.slice/kubepods-burstable.slice/kubepods-burstable-pod3b5e1e6d_8b51_423f_93c9_6d4f3982d6a3.slice/cri-containerd-72cb7b880199ff918b5c271d46d9ba448be8903b8037768c8ec81a1304bc446f.scope,ghcr.io/azure-samples/aks-store-demo/store-front:latest,aks-agentpool-16759353-vmss000001,cadvisor,72cb7b880199ff918b5c271d46d9ba448be8903b8037768c8ec81a1304bc446f,azure-store,store-front-6d979fbc7c-6476w,1746594000,0.0000003340430928592502
aks-sk-aks-eus2-dev,store-front,total,/kubepods.slice/kubepods-burstable.slice/kubepods-burstable-pod3b5e1e6d_8b51_423f_93c9_6d4f3982d6a3.slice/cri-containerd-72cb7b880199ff918b5c271d46d9ba448be8903b8037768c8ec81a1304bc446f.scope,ghcr.io/azure-samples/aks-store-demo/store-front:latest,aks-agentpool-16759353-vmss000001,cadvisor,72cb7b880199ff918b5c271d46d9ba448be8903b8037768c8ec81a1304bc446f,azure-store,store-front-6d979fbc7c-6476w,1746680400,0.0000003340430928592502
aks-sk-aks-eus2-dev,store-front,total,/kubepods.slice/kubepods-burstable.slice/kubepods-burstable-pod3b5e1e6d_8b51_423f_93c9_6d4f3982d6a3.slice/cri-containerd-72cb7b880199ff918b5c271d46d9ba448be8903b8037768c8ec81a1304bc446f.scope,ghcr.io/azure-samples/aks-store-demo/store-front:latest,aks-agentpool-16759353-vmss000001,cadvisor,72cb7b880199ff918b5c271d46d9ba448be8903b8037768c8ec81a1304bc446f,azure-store,store-front-6d979fbc7c-6476w,1746766800,0.0000003340430928592502
aks-sk-aks-eus2-dev,store-front,total,/kubepods.slice/kubepods-burstable.slice/kubepods-burstable-pod3b5e1e6d_8b51_423f_93c9_6d4f3982d6a3.slice/cri-containerd-72cb7b880199ff918b5c271d46d9ba448be8903b8037768c8ec81a1304bc446f.scope,ghcr.io/azure-samples/aks-store-demo/store-front:latest,aks-agentpool-16759353-vmss000001,cadvisor,72cb7b880199ff918b5c271d46d9ba448be8903b8037768c8ec81a1304bc446f,azure-store,store-front-6d979fbc7c-6476w,1746853200,0.0000003340430928592502
aks-sk-aks-eus2-dev,store-front,total,/kubepods.slice/kubepods-burstable.slice/kubepods-burstable-pod3b5e1e6d_8b51_423f_93c9_6d4f3982d6a3.slice/cri-containerd-72cb7b880199ff918b5c271d46d9ba448be8903b8037768c8ec81a1304bc446f.scope,ghcr.io/azure-samples/aks-store-demo/store-front:latest,aks-agentpool-16759353-vmss000001,cadvisor,72cb7b880199ff918b5c271d46d9ba448be8903b8037768c8ec81a1304bc446f,azure-store,store-front-6d979fbc7c-6476w,1746939600,0.0000003340430928592502
aks-sk-aks-eus2-dev,store-front,total,/kubepods.slice/kubepods-burstable.slice/kubepods-burstable-pod3b5e1e6d_8b51_423f_93c9_6d4f3982d6a3.slice/cri-containerd-72cb7b880199ff918b5c271d46d9ba448be8903b8037768c8ec81a1304bc446f.scope,ghcr.io/azure-samples/aks-store-demo/store-front:latest,aks-agentpool-16759353-vmss000001,cadvisor,72cb7b880199ff918b5c271d46d9ba448be8903b8037768c8ec81a1304bc446f,azure-store,store-front-6d979fbc7c-6476w,1747026000,0.0000003340430928592502
aks-sk-aks-eus2-dev,store-front,total,/kubepods.slice/kubepods-burstable.slice/kubepods-burstable-pod3b5e1e6d_8b51_423f_93c9_6d4f3982d6a3.slice/cri-containerd-72cb7b880199ff918b5c271d46d9ba448be8903b8037768c8ec81a1304bc446f.scope,ghcr.io/azure-samples/aks-store-demo/store-front:latest,aks-agentpool-16759353-vmss000001,cadvisor,72cb7b880199ff918b5c271d46d9ba448be8903b8037768c8ec81a1304bc446f,azure-store,store-front-6d979fbc7c-6476w,1747112400,0.0000003340430928592502
aks-sk-aks-eus2-dev,store-front,total,/kubepods.slice/kubepods-burstable.slice/kubepods-burstable-pod3b5e1e6d_8b51_423f_93c9_6d4f3982d6a3.slice/cri-containerd-72cb7b880199ff918b5c271d46d9ba448be8903b8037768c8ec81a1304bc446f.scope,ghcr.io/azure-samples/aks-store-demo/store-front:latest,aks-agentpool-16759353-vmss000001,cadvisor,72cb7b880199ff918b5c271d46d9ba448be8903b8037768c8ec81a1304bc446f,azure-store,store-front-6d979fbc7c-6476w,1747198800,0.0000003340430928592502
aks-sk-aks-eus2-dev,store-front,total,/kubepods.slice/kubepods-burstable.slice/kubepods-burstable-pod3b5e1e6d_8b51_423f_93c9_6d4f3982d6a3.slice/cri-containerd-72cb7b880199ff918b5c271d46d9ba448be8903b8037768c8ec81a1304bc446f.scope,ghcr.io/azure-samples/aks-store-demo/store-front:latest,aks-agentpool-16759353-vmss000001,cadvisor,72cb7b880199ff918b5c271d46d9ba448be8903b8037768c8ec81a1304bc446f,azure-store,store-front-6d979fbc7c-6476w,1747285200,0.0000003340430928592502
aks-sk-aks-eus2-dev,store-front,total,/kubepods.slice/kubepods-burstable.slice/kubepods-burstable-pod3b5e1e6d_8b51_423f_93c9_6d4f3982d6a3.slice/cri-containerd-72cb7b880199ff918b5c271d46d9ba448be8903b8037768c8ec81a1304bc446f.scope,ghcr.io/azure-samples/aks-store-demo/store-front:latest,aks-agentpool-16759353-vmss000001,cadvisor,72cb7b880199ff918b5c271d46d9ba448be8903b8037768c8ec81a1304bc446f,azure-store,store-front-6d979fbc7c-6476w,1747371600,0.0000003340430928592502
aks-sk-aks-eus2-dev,store-front,total,/kubepods.slice/kubepods-burstable.slice/kubepods-burstable-pod73063887_628a_41ea_a267_334af8ec58b9.slice/cri-containerd-1677bbb2be8dd01205784ac1eba7b279620a967046a9d3225dc0795a14982b19.scope,ghcr.io/azure-samples/aks-store-demo/store-front:latest,aks-agentpool-16759353-vmss000009,cadvisor,1677bbb2be8dd01205784ac1eba7b279620a967046a9d3225dc0795a14982b19,azure-store,store-front-6d979fbc7c-7cw2n,1746766800,0.0000005855446270684885
aks-sk-aks-eus2-dev,store-front,total,/kubepods.slice/kubepods-burstable.slice/kubepods-burstable-pod73063887_628a_41ea_a267_334af8ec58b9.slice/cri-containerd-1677bbb2be8dd01205784ac1eba7b279620a967046a9d3225dc0795a14982b19.scope,ghcr.io/azure-samples/aks-store-demo/store-front:latest,aks-agentpool-16759353-vmss000009,cadvisor,1677bbb2be8dd01205784ac1eba7b279620a967046a9d3225dc0795a14982b19,azure-store,store-front-6d979fbc7c-7cw2n,1746853200,0.0000005855446270684885
aks-sk-aks-eus2-dev,store-front,total,/kubepods.slice/kubepods-burstable.slice/kubepods-burstable-pod73063887_628a_41ea_a267_334af8ec58b9.slice/cri-containerd-1677bbb2be8dd01205784ac1eba7b279620a967046a9d3225dc0795a14982b19.scope,ghcr.io/azure-samples/aks-store-demo/store-front:latest,aks-agentpool-16759353-vmss000009,cadvisor,1677bbb2be8dd01205784ac1eba7b279620a967046a9d3225dc0795a14982b19,azure-store,store-front-6d979fbc7c-7cw2n,1746939600,0.0000005855446270684885
aks-sk-aks-eus2-dev,store-front,total,/kubepods.slice/kubepods-burstable.slice/kubepods-burstable-pod73063887_628a_41ea_a267_334af8ec58b9.slice/cri-containerd-1677bbb2be8dd01205784ac1eba7b279620a967046a9d3225dc0795a14982b19.scope,ghcr.io/azure-samples/aks-store-demo/store-front:latest,aks-agentpool-16759353-vmss000009,cadvisor,1677bbb2be8dd01205784ac1eba7b279620a967046a9d3225dc0795a14982b19,azure-store,store-front-6d979fbc7c-7cw2n,1747026000,0.0000005855446270684885
aks-sk-aks-eus2-dev,store-front,total,/kubepods.slice/kubepods-burstable.slice/kubepods-burstable-pod73063887_628a_41ea_a267_334af8ec58b9.slice/cri-containerd-1677bbb2be8dd01205784ac1eba7b279620a967046a9d3225dc0795a14982b19.scope,ghcr.io/azure-samples/aks-store-demo/store-front:latest,aks-agentpool-16759353-vmss000009,cadvisor,1677bbb2be8dd01205784ac1eba7b279620a967046a9d3225dc0795a14982b19,azure-store,store-front-6d979fbc7c-7cw2n,1747112400,0.0000005855446270684885
aks-sk-aks-eus2-dev,store-front,total,/kubepods.slice/kubepods-burstable.slice/kubepods-burstable-pod73063887_628a_41ea_a267_334af8ec58b9.slice/cri-containerd-1677bbb2be8dd01205784ac1eba7b279620a967046a9d3225dc0795a14982b19.scope,ghcr.io/azure-samples/aks-store-demo/store-front:latest,aks-agentpool-16759353-vmss000009,cadvisor,1677bbb2be8dd01205784ac1eba7b279620a967046a9d3225dc0795a14982b19,azure-store,store-front-6d979fbc7c-7cw2n,1747198800,0.0000005855446270684885
aks-sk-aks-eus2-dev,store-front,total,/kubepods.slice/kubepods-burstable.slice/kubepods-burstable-pod73063887_628a_41ea_a267_334af8ec58b9.slice/cri-containerd-1677bbb2be8dd01205784ac1eba7b279620a967046a9d3225dc0795a14982b19.scope,ghcr.io/azure-samples/aks-store-demo/store-front:latest,aks-agentpool-16759353-vmss000009,cadvisor,1677bbb2be8dd01205784ac1eba7b279620a967046a9d3225dc0795a14982b19,azure-store,store-front-6d979fbc7c-7cw2n,1747285200,0.0000005855446270684885
aks-sk-aks-eus2-dev,store-front,total,/kubepods.slice/kubepods-burstable.slice/kubepods-burstable-pod73063887_628a_41ea_a267_334af8ec58b9.slice/cri-containerd-1677bbb2be8dd01205784ac1eba7b279620a967046a9d3225dc0795a14982b19.scope,ghcr.io/azure-samples/aks-store-demo/store-front:latest,aks-agentpool-16759353-vmss000009,cadvisor,1677bbb2be8dd01205784ac1eba7b279620a967046a9d3225dc0795a14982b19,azure-store,store-front-6d979fbc7c-7cw2n,1747371600,0.0000005855446270684885
aks-sk-aks-eus2-dev,store-front,total,/kubepods.slice/kubepods-burstable.slice/kubepods-burstable-poda769ecf1_e20f_40e9_9612_f299d70f979c.slice/cri-containerd-2a98ad9429151e9353ecf74d3b6f4a3484309d630f2cee351d7df870759c9633.scope,ghcr.io/azure-samples/aks-store-demo/store-front:latest,aks-agentpool-16759353-vmss000003,cadvisor,2a98ad9429151e9353ecf74d3b6f4a3484309d630f2cee351d7df870759c9633,azure-store,store-front-6d979fbc7c-jhv6g,1746594000,0.00000042959331125452897
aks-sk-aks-eus2-dev,store-front,total,/kubepods.slice/kubepods-burstable.slice/kubepods-burstable-poda769ecf1_e20f_40e9_9612_f299d70f979c.slice/cri-containerd-2a98ad9429151e9353ecf74d3b6f4a3484309d630f2cee351d7df870759c9633.scope,ghcr.io/azure-samples/aks-store-demo/store-front:latest,aks-agentpool-16759353-vmss000003,cadvisor,2a98ad9429151e9353ecf74d3b6f4a3484309d630f2cee351d7df870759c9633,azure-store,store-front-6d979fbc7c-jhv6g,1746680400,0.00000042959331125452897
aks-sk-aks-eus2-dev,store-front,total,/kubepods.slice/kubepods-burstable.slice/kubepods-burstable-poda769ecf1_e20f_40e9_9612_f299d70f979c.slice/cri-containerd-2a98ad9429151e9353ecf74d3b6f4a3484309d630f2cee351d7df870759c9633.scope,ghcr.io/azure-samples/aks-store-demo/store-front:latest,aks-agentpool-16759353-vmss000003,cadvisor,2a98ad9429151e9353ecf74d3b6f4a3484309d630f2cee351d7df870759c9633,azure-store,store-front-6d979fbc7c-jhv6g,1746766800,0.00000042959331125452897
aks-sk-aks-eus2-dev,store-front,total,/kubepods.slice/kubepods-burstable.slice/kubepods-burstable-poda769ecf1_e20f_40e9_9612_f299d70f979c.slice/cri-containerd-2a98ad9429151e9353ecf74d3b6f4a3484309d630f2cee351d7df870759c9633.scope,ghcr.io/azure-samples/aks-store-demo/store-front:latest,aks-agentpool-16759353-vmss000003,cadvisor,2a98ad9429151e9353ecf74d3b6f4a3484309d630f2cee351d7df870759c9633,azure-store,store-front-6d979fbc7c-jhv6g,1746853200,0.00000042959331125452897
aks-sk-aks-eus2-dev,store-front,total,/kubepods.slice/kubepods-burstable.slice/kubepods-burstable-poda769ecf1_e20f_40e9_9612_f299d70f979c.slice/cri-containerd-2a98ad9429151e9353ecf74d3b6f4a3484309d630f2cee351d7df870759c9633.scope,ghcr.io/azure-samples/aks-store-demo/store-front:latest,aks-agentpool-16759353-vmss000003,cadvisor,2a98ad9429151e9353ecf74d3b6f4a3484309d630f2cee351d7df870759c9633,azure-store,store-front-6d979fbc7c-jhv6g,1746939600,0.00000042959331125452897
aks-sk-aks-eus2-dev,store-front,total,/kubepods.slice/kubepods-burstable.slice/kubepods-burstable-poda769ecf1_e20f_40e9_9612_f299d70f979c.slice/cri-containerd-2a98ad9429151e9353ecf74d3b6f4a3484309d630f2cee351d7df870759c9633.scope,ghcr.io/azure-samples/aks-store-demo/store-front:latest,aks-agentpool-16759353-vmss000003,cadvisor,2a98ad9429151e9353ecf74d3b6f4a3484309d630f2cee351d7df870759c9633,azure-store,store-front-6d979fbc7c-jhv6g,1747026000,0.00000042959331125452897
aks-sk-aks-eus2-dev,store-front,total,/kubepods.slice/kubepods-burstable.slice/kubepods-burstable-poda769ecf1_e20f_40e9_9612_f299d70f979c.slice/cri-containerd-2a98ad9429151e9353ecf74d3b6f4a3484309d630f2cee351d7df870759c9633.scope,ghcr.io/azure-samples/aks-store-demo/store-front:latest,aks-agentpool-16759353-vmss000003,cadvisor,2a98ad9429151e9353ecf74d3b6f4a3484309d630f2cee351d7df870759c9633,azure-store,store-front-6d979fbc7c-jhv6g,1747112400,0.00000042959331125452897
aks-sk-aks-eus2-dev,store-front,total,/kubepods.slice/kubepods-burstable.slice/kubepods-burstable-poda769ecf1_e20f_40e9_9612_f299d70f979c.slice/cri-containerd-2a98ad9429151e9353ecf74d3b6f4a3484309d630f2cee351d7df870759c9633.scope,ghcr.io/azure-samples/aks-store-demo/store-front:latest,aks-agentpool-16759353-vmss000003,cadvisor,2a98ad9429151e9353ecf74d3b6f4a3484309d630f2cee351d7df870759c9633,azure-store,store-front-6d979fbc7c-jhv6g,1747198800,0.00000042959331125452897
aks-sk-aks-eus2-dev,store-front,total,/kubepods.slice/kubepods-burstable.slice/kubepods-burstable-poda769ecf1_e20f_40e9_9612_f299d70f979c.slice/cri-containerd-2a98ad9429151e9353ecf74d3b6f4a3484309d630f2cee351d7df870759c9633.scope,ghcr.io/azure-samples/aks-store-demo/store-front:latest,aks-agentpool-16759353-vmss000003,cadvisor,2a98ad9429151e9353ecf74d3b6f4a3484309d630f2cee351d7df870759c9633,azure-store,store-front-6d979fbc7c-jhv6g,1747285200,0.00000042959331125452897
aks-sk-aks-eus2-dev,store-front,total,/kubepods.slice/kubepods-burstable.slice/kubepods-burstable-poda769ecf1_e20f_40e9_9612_f299d70f979c.slice/cri-containerd-2a98ad9429151e9353ecf74d3b6f4a3484309d630f2cee351d7df870759c9633.scope,ghcr.io/azure-samples/aks-store-demo/store-front:latest,aks-agentpool-16759353-vmss000003,cadvisor,2a98ad9429151e9353ecf74d3b6f4a3484309d630f2cee351d7df870759c9633,azure-store,store-front-6d979fbc7c-jhv6g,1747371600,0.00000042959331125452897
aks-sk-aks-eus2-dev,,total,/kubepods.slice/kubepods-burstable.slice/kubepods-burstable-pod0e7188ea_59c5_4d31_a9a6_f92a7bc9aec0.slice/cri-containerd-5007ef6a3ed94e1c1ce705bb8f00db72a7286ac3879856469a3a0b7745308261.scope,mcr.microsoft.com/oss/kubernetes/pause:3.6,aks-agentpool-16759353-vmss000005,cadvisor,5007ef6a3ed94e1c1ce705bb8f00db72a7286ac3879856469a3a0b7745308261,azure-store,store-front-6d979fbc7c-x4djv,1746594000,0
aks-sk-aks-eus2-dev,,total,/kubepods.slice/kubepods-burstable.slice/kubepods-burstable-pod0e7188ea_59c5_4d31_a9a6_f92a7bc9aec0.slice/cri-containerd-5007ef6a3ed94e1c1ce705bb8f00db72a7286ac3879856469a3a0b7745308261.scope,mcr.microsoft.com/oss/kubernetes/pause:3.6,aks-agentpool-16759353-vmss000005,cadvisor,5007ef6a3ed94e1c1ce705bb8f00db72a7286ac3879856469a3a0b7745308261,azure-store,store-front-6d979fbc7c-x4djv,1746680400,0
aks-sk-aks-eus2-dev,,total,/kubepods.slice/kubepods-burstable.slice/kubepods-burstable-pod0e7188ea_59c5_4d31_a9a6_f92a7bc9aec0.slice/cri-containerd-5007ef6a3ed94e1c1ce705bb8f00db72a7286ac3879856469a3a0b7745308261.scope,mcr.microsoft.com/oss/kubernetes/pause:3.6,aks-agentpool-16759353-vmss000005,cadvisor,5007ef6a3ed94e1c1ce705bb8f00db72a7286ac3879856469a3a0b7745308261,azure-store,store-front-6d979fbc7c-x4djv,1746766800,0
aks-sk-aks-eus2-dev,,total,/kubepods.slice/kubepods-burstable.slice/kubepods-burstable-pod0e7188ea_59c5_4d31_a9a6_f92a7bc9aec0.slice/cri-containerd-5007ef6a3ed94e1c1ce705bb8f00db72a7286ac3879856469a3a0b7745308261.scope,mcr.microsoft.com/oss/kubernetes/pause:3.6,aks-agentpool-16759353-vmss000005,cadvisor,5007ef6a3ed94e1c1ce705bb8f00db72a7286ac3879856469a3a0b7745308261,azure-store,store-front-6d979fbc7c-x4djv,1746853200,0
aks-sk-aks-eus2-dev,,total,/kubepods.slice/kubepods-burstable.slice/kubepods-burstable-pod0e7188ea_59c5_4d31_a9a6_f92a7bc9aec0.slice/cri-containerd-5007ef6a3ed94e1c1ce705bb8f00db72a7286ac3879856469a3a0b7745308261.scope,mcr.microsoft.com/oss/kubernetes/pause:3.6,aks-agentpool-16759353-vmss000005,cadvisor,5007ef6a3ed94e1c1ce705bb8f00db72a7286ac3879856469a3a0b7745308261,azure-store,store-front-6d979fbc7c-x4djv,1746939600,0
aks-sk-aks-eus2-dev,,total,/kubepods.slice/kubepods-burstable.slice/kubepods-burstable-pod0e7188ea_59c5_4d31_a9a6_f92a7bc9aec0.slice/cri-containerd-5007ef6a3ed94e1c1ce705bb8f00db72a7286ac3879856469a3a0b7745308261.scope,mcr.microsoft.com/oss/kubernetes/pause:3.6,aks-agentpool-16759353-vmss000005,cadvisor,5007ef6a3ed94e1c1ce705bb8f00db72a7286ac3879856469a3a0b7745308261,azure-store,store-front-6d979fbc7c-x4djv,1747026000,0
aks-sk-aks-eus2-dev,,total,/kubepods.slice/kubepods-burstable.slice/kubepods-burstable-pod0e7188ea_59c5_4d31_a9a6_f92a7bc9aec0.slice/cri-containerd-5007ef6a3ed94e1c1ce705bb8f00db72a7286ac3879856469a3a0b7745308261.scope,mcr.microsoft.com/oss/kubernetes/pause:3.6,aks-agentpool-16759353-vmss000005,cadvisor,5007ef6a3ed94e1c1ce705bb8f00db72a7286ac3879856469a3a0b7745308261,azure-store,store-front-6d979fbc7c-x4djv,1747112400,0
aks-sk-aks-eus2-dev,,total,/kubepods.slice/kubepods-burstable.slice/kubepods-burstable-pod0e7188ea_59c5_4d31_a9a6_f92a7bc9aec0.slice/cri-containerd-5007ef6a3ed94e1c1ce705bb8f00db72a7286ac3879856469a3a0b7745308261.scope,mcr.microsoft.com/oss/kubernetes/pause:3.6,aks-agentpool-16759353-vmss000005,cadvisor,5007ef6a3ed94e1c1ce705bb8f00db72a7286ac3879856469a3a0b7745308261,azure-store,store-front-6d979fbc7c-x4djv,1747198800,0
aks-sk-aks-eus2-dev,,total,/kubepods.slice/kubepods-burstable.slice/kubepods-burstable-pod0e7188ea_59c5_4d31_a9a6_f92a7bc9aec0.slice/cri-containerd-5007ef6a3ed94e1c1ce705bb8f00db72a7286ac3879856469a3a0b7745308261.scope,mcr.microsoft.com/oss/kubernetes/pause:3.6,aks-agentpool-16759353-vmss000005,cadvisor,5007ef6a3ed94e1c1ce705bb8f00db72a7286ac3879856469a3a0b7745308261,azure-store,store-front-6d979fbc7c-x4djv,1747285200,0
aks-sk-aks-eus2-dev,,total,/kubepods.slice/kubepods-burstable.slice/kubepods-burstable-pod0e7188ea_59c5_4d31_a9a6_f92a7bc9aec0.slice/cri-containerd-5007ef6a3ed94e1c1ce705bb8f00db72a7286ac3879856469a3a0b7745308261.scope,mcr.microsoft.com/oss/kubernetes/pause:3.6,aks-agentpool-16759353-vmss000005,cadvisor,5007ef6a3ed94e1c1ce705bb8f00db72a7286ac3879856469a3a0b7745308261,azure-store,store-front-6d979fbc7c-x4djv,1747371600,0
aks-sk-aks-eus2-dev,,total,/kubepods.slice/kubepods-burstable.slice/kubepods-burstable-pod0e7188ea_59c5_4d31_a9a6_f92a7bc9aec0.slice,,aks-agentpool-16759353-vmss000005,cadvisor,,azure-store,store-front-6d979fbc7c-x4djv,1746594000,0.00000003017806670875198
aks-sk-aks-eus2-dev,,total,/kubepods.slice/kubepods-burstable.slice/kubepods-burstable-pod0e7188ea_59c5_4d31_a9a6_f92a7bc9aec0.slice,,aks-agentpool-16759353-vmss000005,cadvisor,,azure-store,store-front-6d979fbc7c-x4djv,1746680400,0.0000000884651534924186
aks-sk-aks-eus2-dev,,total,/kubepods.slice/kubepods-burstable.slice/kubepods-burstable-pod0e7188ea_59c5_4d31_a9a6_f92a7bc9aec0.slice,,aks-agentpool-16759353-vmss000005,cadvisor,,azure-store,store-front-6d979fbc7c-x4djv,1746766800,0.0000000884651534924186
aks-sk-aks-eus2-dev,,total,/kubepods.slice/kubepods-burstable.slice/kubepods-burstable-pod0e7188ea_59c5_4d31_a9a6_f92a7bc9aec0.slice,,aks-agentpool-16759353-vmss000005,cadvisor,,azure-store,store-front-6d979fbc7c-x4djv,1746853200,0.0000000884651534924186
aks-sk-aks-eus2-dev,,total,/kubepods.slice/kubepods-burstable.slice/kubepods-burstable-pod0e7188ea_59c5_4d31_a9a6_f92a7bc9aec0.slice,,aks-agentpool-16759353-vmss000005,cadvisor,,azure-store,store-front-6d979fbc7c-x4djv,1746939600,0.0000000884651534924186
aks-sk-aks-eus2-dev,,total,/kubepods.slice/kubepods-burstable.slice/kubepods-burstable-pod0e7188ea_59c5_4d31_a9a6_f92a7bc9aec0.slice,,aks-agentpool-16759353-vmss000005,cadvisor,,azure-store,store-front-6d979fbc7c-x4djv,1747026000,0.0000000884651534924186
aks-sk-aks-eus2-dev,,total,/kubepods.slice/kubepods-burstable.slice/kubepods-burstable-pod0e7188ea_59c5_4d31_a9a6_f92a7bc9aec0.slice,,aks-agentpool-16759353-vmss000005,cadvisor,,azure-store,store-front-6d979fbc7c-x4djv,1747112400,0.0000000884651534924186
aks-sk-aks-eus2-dev,,total,/kubepods.slice/kubepods-burstable.slice/kubepods-burstable-pod0e7188ea_59c5_4d31_a9a6_f92a7bc9aec0.slice,,aks-agentpool-16759353-vmss000005,cadvisor,,azure-store,store-front-6d979fbc7c-x4djv,1747198800,0.0000000884651534924186
aks-sk-aks-eus2-dev,,total,/kubepods.slice/kubepods-burstable.slice/kubepods-burstable-pod0e7188ea_59c5_4d31_a9a6_f92a7bc9aec0.slice,,aks-agentpool-16759353-vmss000005,cadvisor,,azure-store,store-front-6d979fbc7c-x4djv,1747285200,0.0000000884651534924186
aks-sk-aks-eus2-dev,,total,/kubepods.slice/kubepods-burstable.slice/kubepods-burstable-pod0e7188ea_59c5_4d31_a9a6_f92a7bc9aec0.slice,,aks-agentpool-16759353-vmss000005,cadvisor,,azure-store,store-front-6d979fbc7c-x4djv,1747371600,0.0000000884651534924186
aks-sk-aks-eus2-dev,,total,/kubepods.slice/kubepods-burstable.slice/kubepods-burstable-pod207efb7e_06a9_4aa5_b0bc_d53eaa9cc761.slice/cri-containerd-316148e58ff1d3bf8ae0f21dae91d8c7c79e1c4ea47a899e24f4f0bb38f1f95a.scope,mcr.microsoft.com/oss/kubernetes/pause:3.6,aks-agentpool-16759353-vmss000007,cadvisor,316148e58ff1d3bf8ae0f21dae91d8c7c79e1c4ea47a899e24f4f0bb38f1f95a,azure-store,store-front-6d979fbc7c-wjs54,1746680400,0
aks-sk-aks-eus2-dev,,total,/kubepods.slice/kubepods-burstable.slice/kubepods-burstable-pod207efb7e_06a9_4aa5_b0bc_d53eaa9cc761.slice/cri-containerd-316148e58ff1d3bf8ae0f21dae91d8c7c79e1c4ea47a899e24f4f0bb38f1f95a.scope,mcr.microsoft.com/oss/kubernetes/pause:3.6,aks-agentpool-16759353-vmss000007,cadvisor,316148e58ff1d3bf8ae0f21dae91d8c7c79e1c4ea47a899e24f4f0bb38f1f95a,azure-store,store-front-6d979fbc7c-wjs54,1746766800,0
aks-sk-aks-eus2-dev,,total,/kubepods.slice/kubepods-burstable.slice/kubepods-burstable-pod207efb7e_06a9_4aa5_b0bc_d53eaa9cc761.slice/cri-containerd-316148e58ff1d3bf8ae0f21dae91d8c7c79e1c4ea47a899e24f4f0bb38f1f95a.scope,mcr.microsoft.com/oss/kubernetes/pause:3.6,aks-agentpool-16759353-vmss000007,cadvisor,316148e58ff1d3bf8ae0f21dae91d8c7c79e1c4ea47a899e24f4f0bb38f1f95a,azure-store,store-front-6d979fbc7c-wjs54,1746853200,0
aks-sk-aks-eus2-dev,,total,/kubepods.slice/kubepods-burstable.slice/kubepods-burstable-pod207efb7e_06a9_4aa5_b0bc_d53eaa9cc761.slice/cri-containerd-316148e58ff1d3bf8ae0f21dae91d8c7c79e1c4ea47a899e24f4f0bb38f1f95a.scope,mcr.microsoft.com/oss/kubernetes/pause:3.6,aks-agentpool-16759353-vmss000007,cadvisor,316148e58ff1d3bf8ae0f21dae91d8c7c79e1c4ea47a899e24f4f0bb38f1f95a,azure-store,store-front-6d979fbc7c-wjs54,1746939600,0
aks-sk-aks-eus2-dev,,total,/kubepods.slice/kubepods-burstable.slice/kubepods-burstable-pod207efb7e_06a9_4aa5_b0bc_d53eaa9cc761.slice/cri-containerd-316148e58ff1d3bf8ae0f21dae91d8c7c79e1c4ea47a899e24f4f0bb38f1f95a.scope,mcr.microsoft.com/oss/kubernetes/pause:3.6,aks-agentpool-16759353-vmss000007,cadvisor,316148e58ff1d3bf8ae0f21dae91d8c7c79e1c4ea47a899e24f4f0bb38f1f95a,azure-store,store-front-6d979fbc7c-wjs54,1747026000,0
aks-sk-aks-eus2-dev,,total,/kubepods.slice/kubepods-burstable.slice/kubepods-burstable-pod207efb7e_06a9_4aa5_b0bc_d53eaa9cc761.slice/cri-containerd-316148e58ff1d3bf8ae0f21dae91d8c7c79e1c4ea47a899e24f4f0bb38f1f95a.scope,mcr.microsoft.com/oss/kubernetes/pause:3.6,aks-agentpool-16759353-vmss000007,cadvisor,316148e58ff1d3bf8ae0f21dae91d8c7c79e1c4ea47a899e24f4f0bb38f1f95a,azure-store,store-front-6d979fbc7c-wjs54,1747112400,0
aks-sk-aks-eus2-dev,,total,/kubepods.slice/kubepods-burstable.slice/kubepods-burstable-pod207efb7e_06a9_4aa5_b0bc_d53eaa9cc761.slice/cri-containerd-316148e58ff1d3bf8ae0f21dae91d8c7c79e1c4ea47a899e24f4f0bb38f1f95a.scope,mcr.microsoft.com/oss/kubernetes/pause:3.6,aks-agentpool-16759353-vmss000007,cadvisor,316148e58ff1d3bf8ae0f21dae91d8c7c79e1c4ea47a899e24f4f0bb38f1f95a,azure-store,store-front-6d979fbc7c-wjs54,1747198800,0
aks-sk-aks-eus2-dev,,total,/kubepods.slice/kubepods-burstable.slice/kubepods-burstable-pod207efb7e_06a9_4aa5_b0bc_d53eaa9cc761.slice/cri-containerd-316148e58ff1d3bf8ae0f21dae91d8c7c79e1c4ea47a899e24f4f0bb38f1f95a.scope,mcr.microsoft.com/oss/kubernetes/pause:3.6,aks-agentpool-16759353-vmss000007,cadvisor,316148e58ff1d3bf8ae0f21dae91d8c7c79e1c4ea47a899e24f4f0bb38f1f95a,azure-store,store-front-6d979fbc7c-wjs54,1747285200,0
aks-sk-aks-eus2-dev,,total,/kubepods.slice/kubepods-burstable.slice/kubepods-burstable-pod207efb7e_06a9_4aa5_b0bc_d53eaa9cc761.slice/cri-containerd-316148e58ff1d3bf8ae0f21dae91d8c7c79e1c4ea47a899e24f4f0bb38f1f95a.scope,mcr.microsoft.com/oss/kubernetes/pause:3.6,aks-agentpool-16759353-vmss000007,cadvisor,316148e58ff1d3bf8ae0f21dae91d8c7c79e1c4ea47a899e24f4f0bb38f1f95a,azure-store,store-front-6d979fbc7c-wjs54,1747371600,0
aks-sk-aks-eus2-dev,,total,/kubepods.slice/kubepods-burstable.slice/kubepods-burstable-pod207efb7e_06a9_4aa5_b0bc_d53eaa9cc761.slice,,aks-agentpool-16759353-vmss000007,cadvisor,,azure-store,store-front-6d979fbc7c-wjs54,1746680400,0.0000004833343188217458
aks-sk-aks-eus2-dev,,total,/kubepods.slice/kubepods-burstable.slice/kubepods-burstable-pod207efb7e_06a9_4aa5_b0bc_d53eaa9cc761.slice,,aks-agentpool-16759353-vmss000007,cadvisor,,azure-store,store-front-6d979fbc7c-wjs54,1746766800,0.0000004833343188217458
aks-sk-aks-eus2-dev,,total,/kubepods.slice/kubepods-burstable.slice/kubepods-burstable-pod207efb7e_06a9_4aa5_b0bc_d53eaa9cc761.slice,,aks-agentpool-16759353-vmss000007,cadvisor,,azure-store,store-front-6d979fbc7c-wjs54,1746853200,0.0000004833343188217458
aks-sk-aks-eus2-dev,,total,/kubepods.slice/kubepods-burstable.slice/kubepods-burstable-pod207efb7e_06a9_4aa5_b0bc_d53eaa9cc761.slice,,aks-agentpool-16759353-vmss000007,cadvisor,,azure-store,store-front-6d979fbc7c-wjs54,1746939600,0.0000004833343188217458
aks-sk-aks-eus2-dev,,total,/kubepods.slice/kubepods-burstable.slice/kubepods-burstable-pod207efb7e_06a9_4aa5_b0bc_d53eaa9cc761.slice,,aks-agentpool-16759353-vmss000007,cadvisor,,azure-store,store-front-6d979fbc7c-wjs54,1747026000,0.0000004833343188217458
aks-sk-aks-eus2-dev,,total,/kubepods.slice/kubepods-burstable.slice/kubepods-burstable-pod207efb7e_06a9_4aa5_b0bc_d53eaa9cc761.slice,,aks-agentpool-16759353-vmss000007,cadvisor,,azure-store,store-front-6d979fbc7c-wjs54,1747112400,0.0000004833343188217458
aks-sk-aks-eus2-dev,,total,/kubepods.slice/kubepods-burstable.slice/kubepods-burstable-pod207efb7e_06a9_4aa5_b0bc_d53eaa9cc761.slice,,aks-agentpool-16759353-vmss000007,cadvisor,,azure-store,store-front-6d979fbc7c-wjs54,1747198800,0.0000004833343188217458
aks-sk-aks-eus2-dev,,total,/kubepods.slice/kubepods-burstable.slice/kubepods-burstable-pod207efb7e_06a9_4aa5_b0bc_d53eaa9cc761.slice,,aks-agentpool-16759353-vmss000007,cadvisor,,azure-store,store-front-6d979fbc7c-wjs54,1747285200,0.0000004833343188217458
aks-sk-aks-eus2-dev,,total,/kubepods.slice/kubepods-burstable.slice/kubepods-burstable-pod207efb7e_06a9_4aa5_b0bc_d53eaa9cc761.slice,,aks-agentpool-16759353-vmss000007,cadvisor,,azure-store,store-front-6d979fbc7c-wjs54,1747371600,0.0000004833343188217458
aks-sk-aks-eus2-dev,,total,/kubepods.slice/kubepods-burstable.slice/kubepods-burstable-pod37399476_853b_453e_ba0b_ae2265ece1c5.slice/cri-containerd-92ed51af69c74bce26a262c732960407af00e710831731c60cb794f53b5b6438.scope,mcr.microsoft.com/oss/kubernetes/pause:3.6,aks-agentpool-16759353-vmss000007,cadvisor,92ed51af69c74bce26a262c732960407af00e710831731c60cb794f53b5b6438,azure-store,rabbitmq-5dd7b7f876-p9k4d,1746680400,0
aks-sk-aks-eus2-dev,,total,/kubepods.slice/kubepods-burstable.slice/kubepods-burstable-pod37399476_853b_453e_ba0b_ae2265ece1c5.slice/cri-containerd-92ed51af69c74bce26a262c732960407af00e710831731c60cb794f53b5b6438.scope,mcr.microsoft.com/oss/kubernetes/pause:3.6,aks-agentpool-16759353-vmss000007,cadvisor,92ed51af69c74bce26a262c732960407af00e710831731c60cb794f53b5b6438,azure-store,rabbitmq-5dd7b7f876-p9k4d,1746766800,0
aks-sk-aks-eus2-dev,,total,/kubepods.slice/kubepods-burstable.slice/kubepods-burstable-pod37399476_853b_453e_ba0b_ae2265ece1c5.slice/cri-containerd-92ed51af69c74bce26a262c732960407af00e710831731c60cb794f53b5b6438.scope,mcr.microsoft.com/oss/kubernetes/pause:3.6,aks-agentpool-16759353-vmss000007,cadvisor,92ed51af69c74bce26a262c732960407af00e710831731c60cb794f53b5b6438,azure-store,rabbitmq-5dd7b7f876-p9k4d,1746853200,0
aks-sk-aks-eus2-dev,,total,/kubepods.slice/kubepods-burstable.slice/kubepods-burstable-pod37399476_853b_453e_ba0b_ae2265ece1c5.slice/cri-containerd-92ed51af69c74bce26a262c732960407af00e710831731c60cb794f53b5b6438.scope,mcr.microsoft.com/oss/kubernetes/pause:3.6,aks-agentpool-16759353-vmss000007,cadvisor,92ed51af69c74bce26a262c732960407af00e710831731c60cb794f53b5b6438,azure-store,rabbitmq-5dd7b7f876-p9k4d,1746939600,0
aks-sk-aks-eus2-dev,,total,/kubepods.slice/kubepods-burstable.slice/kubepods-burstable-pod37399476_853b_453e_ba0b_ae2265ece1c5.slice/cri-containerd-92ed51af69c74bce26a262c732960407af00e710831731c60cb794f53b5b6438.scope,mcr.microsoft.com/oss/kubernetes/pause:3.6,aks-agentpool-16759353-vmss000007,cadvisor,92ed51af69c74bce26a262c732960407af00e710831731c60cb794f53b5b6438,azure-store,rabbitmq-5dd7b7f876-p9k4d,1747026000,0
aks-sk-aks-eus2-dev,,total,/kubepods.slice/kubepods-burstable.slice/kubepods-burstable-pod37399476_853b_453e_ba0b_ae2265ece1c5.slice/cri-containerd-92ed51af69c74bce26a262c732960407af00e710831731c60cb794f53b5b6438.scope,mcr.microsoft.com/oss/kubernetes/pause:3.6,aks-agentpool-16759353-vmss000007,cadvisor,92ed51af69c74bce26a262c732960407af00e710831731c60cb794f53b5b6438,azure-store,rabbitmq-5dd7b7f876-p9k4d,1747112400,0
aks-sk-aks-eus2-dev,,total,/kubepods.slice/kubepods-burstable.slice/kubepods-burstable-pod37399476_853b_453e_ba0b_ae2265ece1c5.slice/cri-containerd-92ed51af69c74bce26a262c732960407af00e710831731c60cb794f53b5b6438.scope,mcr.microsoft.com/oss/kubernetes/pause:3.6,aks-agentpool-16759353-vmss000007,cadvisor,92ed51af69c74bce26a262c732960407af00e710831731c60cb794f53b5b6438,azure-store,rabbitmq-5dd7b7f876-p9k4d,1747198800,0
aks-sk-aks-eus2-dev,,total,/kubepods.slice/kubepods-burstable.slice/kubepods-burstable-pod37399476_853b_453e_ba0b_ae2265ece1c5.slice/cri-containerd-92ed51af69c74bce26a262c732960407af00e710831731c60cb794f53b5b6438.scope,mcr.microsoft.com/oss/kubernetes/pause:3.6,aks-agentpool-16759353-vmss000007,cadvisor,92ed51af69c74bce26a262c732960407af00e710831731c60cb794f53b5b6438,azure-store,rabbitmq-5dd7b7f876-p9k4d,1747285200,0
aks-sk-aks-eus2-dev,,total,/kubepods.slice/kubepods-burstable.slice/kubepods-burstable-pod37399476_853b_453e_ba0b_ae2265ece1c5.slice/cri-containerd-92ed51af69c74bce26a262c732960407af00e710831731c60cb794f53b5b6438.scope,mcr.microsoft.com/oss/kubernetes/pause:3.6,aks-agentpool-16759353-vmss000007,cadvisor,92ed51af69c74bce26a262c732960407af00e710831731c60cb794f53b5b6438,azure-store,rabbitmq-5dd7b7f876-p9k4d,1747371600,0
aks-sk-aks-eus2-dev,,total,/kubepods.slice/kubepods-burstable.slice/kubepods-burstable-pod37399476_853b_453e_ba0b_ae2265ece1c5.slice,,aks-agentpool-16759353-vmss000007,cadvisor,,azure-store,rabbitmq-5dd7b7f876-p9k4d,1746680400,0.000059102954458161857
aks-sk-aks-eus2-dev,,total,/kubepods.slice/kubepods-burstable.slice/kubepods-burstable-pod37399476_853b_453e_ba0b_ae2265ece1c5.slice,,aks-agentpool-16759353-vmss000007,cadvisor,,azure-store,rabbitmq-5dd7b7f876-p9k4d,1746766800,0.000059102954458161857
aks-sk-aks-eus2-dev,,total,/kubepods.slice/kubepods-burstable.slice/kubepods-burstable-pod37399476_853b_453e_ba0b_ae2265ece1c5.slice,,aks-agentpool-16759353-vmss000007,cadvisor,,azure-store,rabbitmq-5dd7b7f876-p9k4d,1746853200,0.000059102954458161857
aks-sk-aks-eus2-dev,,total,/kubepods.slice/kubepods-burstable.slice/kubepods-burstable-pod37399476_853b_453e_ba0b_ae2265ece1c5.slice,,aks-agentpool-16759353-vmss000007,cadvisor,,azure-store,rabbitmq-5dd7b7f876-p9k4d,1746939600,0.000059102954458161857
aks-sk-aks-eus2-dev,,total,/kubepods.slice/kubepods-burstable.slice/kubepods-burstable-pod37399476_853b_453e_ba0b_ae2265ece1c5.slice,,aks-agentpool-16759353-vmss000007,cadvisor,,azure-store,rabbitmq-5dd7b7f876-p9k4d,1747026000,0.000059102954458161857
aks-sk-aks-eus2-dev,,total,/kubepods.slice/kubepods-burstable.slice/kubepods-burstable-pod37399476_853b_453e_ba0b_ae2265ece1c5.slice,,aks-agentpool-16759353-vmss000007,cadvisor,,azure-store,rabbitmq-5dd7b7f876-p9k4d,1747112400,0.000059102954458161857
aks-sk-aks-eus2-dev,,total,/kubepods.slice/kubepods-burstable.slice/kubepods-burstable-pod37399476_853b_453e_ba0b_ae2265ece1c5.slice,,aks-agentpool-16759353-vmss000007,cadvisor,,azure-store,rabbitmq-5dd7b7f876-p9k4d,1747198800,0.000059102954458161857
aks-sk-aks-eus2-dev,,total,/kubepods.slice/kubepods-burstable.slice/kubepods-burstable-pod37399476_853b_453e_ba0b_ae2265ece1c5.slice,,aks-agentpool-16759353-vmss000007,cadvisor,,azure-store,rabbitmq-5dd7b7f876-p9k4d,1747285200,0.000059102954458161857
aks-sk-aks-eus2-dev,,total,/kubepods.slice/kubepods-burstable.slice/kubepods-burstable-pod37399476_853b_453e_ba0b_ae2265ece1c5.slice,,aks-agentpool-16759353-vmss000007,cadvisor,,azure-store,rabbitmq-5dd7b7f876-p9k4d,1747371600,0.000059102954458161857
aks-sk-aks-eus2-dev,,total,/kubepods.slice/kubepods-burstable.slice/kubepods-burstable-pod3b5e1e6d_8b51_423f_93c9_6d4f3982d6a3.slice/cri-containerd-728d8e9090442e78724ee079d4502bc74b01c0bfe37bbee62bfb34b93ee5fde7.scope,mcr.microsoft.com/oss/kubernetes/pause:3.6,aks-agentpool-16759353-vmss000001,cadvisor,728d8e9090442e78724ee079d4502bc74b01c0bfe37bbee62bfb34b93ee5fde7,azure-store,store-front-6d979fbc7c-6476w,1746507600,0
aks-sk-aks-eus2-dev,,total,/kubepods.slice/kubepods-burstable.slice/kubepods-burstable-pod3b5e1e6d_8b51_423f_93c9_6d4f3982d6a3.slice/cri-containerd-728d8e9090442e78724ee079d4502bc74b01c0bfe37bbee62bfb34b93ee5fde7.scope,mcr.microsoft.com/oss/kubernetes/pause:3.6,aks-agentpool-16759353-vmss000001,cadvisor,728d8e9090442e78724ee079d4502bc74b01c0bfe37bbee62bfb34b93ee5fde7,azure-store,store-front-6d979fbc7c-6476w,1746594000,0
aks-sk-aks-eus2-dev,,total,/kubepods.slice/kubepods-burstable.slice/kubepods-burstable-pod3b5e1e6d_8b51_423f_93c9_6d4f3982d6a3.slice/cri-containerd-728d8e9090442e78724ee079d4502bc74b01c0bfe37bbee62bfb34b93ee5fde7.scope,mcr.microsoft.com/oss/kubernetes/pause:3.6,aks-agentpool-16759353-vmss000001,cadvisor,728d8e9090442e78724ee079d4502bc74b01c0bfe37bbee62bfb34b93ee5fde7,azure-store,store-front-6d979fbc7c-6476w,1746680400,0
aks-sk-aks-eus2-dev,,total,/kubepods.slice/kubepods-burstable.slice/kubepods-burstable-pod3b5e1e6d_8b51_423f_93c9_6d4f3982d6a3.slice/cri-containerd-728d8e9090442e78724ee079d4502bc74b01c0bfe37bbee62bfb34b93ee5fde7.scope,mcr.microsoft.com/oss/kubernetes/pause:3.6,aks-agentpool-16759353-vmss000001,cadvisor,728d8e9090442e78724ee079d4502bc74b01c0bfe37bbee62bfb34b93ee5fde7,azure-store,store-front-6d979fbc7c-6476w,1746766800,0
aks-sk-aks-eus2-dev,,total,/kubepods.slice/kubepods-burstable.slice/kubepods-burstable-pod3b5e1e6d_8b51_423f_93c9_6d4f3982d6a3.slice/cri-containerd-728d8e9090442e78724ee079d4502bc74b01c0bfe37bbee62bfb34b93ee5fde7.scope,mcr.microsoft.com/oss/kubernetes/pause:3.6,aks-agentpool-16759353-vmss000001,cadvisor,728d8e9090442e78724ee079d4502bc74b01c0bfe37bbee62bfb34b93ee5fde7,azure-store,store-front-6d979fbc7c-6476w,1746853200,0
aks-sk-aks-eus2-dev,,total,/kubepods.slice/kubepods-burstable.slice/kubepods-burstable-pod3b5e1e6d_8b51_423f_93c9_6d4f3982d6a3.slice/cri-containerd-728d8e9090442e78724ee079d4502bc74b01c0bfe37bbee62bfb34b93ee5fde7.scope,mcr.microsoft.com/oss/kubernetes/pause:3.6,aks-agentpool-16759353-vmss000001,cadvisor,728d8e9090442e78724ee079d4502bc74b01c0bfe37bbee62bfb34b93ee5fde7,azure-store,store-front-6d979fbc7c-6476w,1746939600,0
aks-sk-aks-eus2-dev,,total,/kubepods.slice/kubepods-burstable.slice/kubepods-burstable-pod3b5e1e6d_8b51_423f_93c9_6d4f3982d6a3.slice/cri-containerd-728d8e9090442e78724ee079d4502bc74b01c0bfe37bbee62bfb34b93ee5fde7.scope,mcr.microsoft.com/oss/kubernetes/pause:3.6,aks-agentpool-16759353-vmss000001,cadvisor,728d8e9090442e78724ee079d4502bc74b01c0bfe37bbee62bfb34b93ee5fde7,azure-store,store-front-6d979fbc7c-6476w,1747026000,0
aks-sk-aks-eus2-dev,,total,/kubepods.slice/kubepods-burstable.slice/kubepods-burstable-pod3b5e1e6d_8b51_423f_93c9_6d4f3982d6a3.slice/cri-containerd-728d8e9090442e78724ee079d4502bc74b01c0bfe37bbee62bfb34b93ee5fde7.scope,mcr.microsoft.com/oss/kubernetes/pause:3.6,aks-agentpool-16759353-vmss000001,cadvisor,728d8e9090442e78724ee079d4502bc74b01c0bfe37bbee62bfb34b93ee5fde7,azure-store,store-front-6d979fbc7c-6476w,1747112400,0
aks-sk-aks-eus2-dev,,total,/kubepods.slice/kubepods-burstable.slice/kubepods-burstable-pod3b5e1e6d_8b51_423f_93c9_6d4f3982d6a3.slice/cri-containerd-728d8e9090442e78724ee079d4502bc74b01c0bfe37bbee62bfb34b93ee5fde7.scope,mcr.microsoft.com/oss/kubernetes/pause:3.6,aks-agentpool-16759353-vmss000001,cadvisor,728d8e9090442e78724ee079d4502bc74b01c0bfe37bbee62bfb34b93ee5fde7,azure-store,store-front-6d979fbc7c-6476w,1747198800,0
aks-sk-aks-eus2-dev,,total,/kubepods.slice/kubepods-burstable.slice/kubepods-burstable-pod3b5e1e6d_8b51_423f_93c9_6d4f3982d6a3.slice/cri-containerd-728d8e9090442e78724ee079d4502bc74b01c0bfe37bbee62bfb34b93ee5fde7.scope,mcr.microsoft.com/oss/kubernetes/pause:3.6,aks-agentpool-16759353-vmss000001,cadvisor,728d8e9090442e78724ee079d4502bc74b01c0bfe37bbee62bfb34b93ee5fde7,azure-store,store-front-6d979fbc7c-6476w,1747285200,0
aks-sk-aks-eus2-dev,,total,/kubepods.slice/kubepods-burstable.slice/kubepods-burstable-pod3b5e1e6d_8b51_423f_93c9_6d4f3982d6a3.slice/cri-containerd-728d8e9090442e78724ee079d4502bc74b01c0bfe37bbee62bfb34b93ee5fde7.scope,mcr.microsoft.com/oss/kubernetes/pause:3.6,aks-agentpool-16759353-vmss000001,cadvisor,728d8e9090442e78724ee079d4502bc74b01c0bfe37bbee62bfb34b93ee5fde7,azure-store,store-front-6d979fbc7c-6476w,1747371600,0
aks-sk-aks-eus2-dev,,total,/kubepods.slice/kubepods-burstable.slice/kubepods-burstable-pod3b5e1e6d_8b51_423f_93c9_6d4f3982d6a3.slice,,aks-agentpool-16759353-vmss000001,cadvisor,,azure-store,store-front-6d979fbc7c-6476w,1746507600,0.00000024655135858247157
aks-sk-aks-eus2-dev,,total,/kubepods.slice/kubepods-burstable.slice/kubepods-burstable-pod3b5e1e6d_8b51_423f_93c9_6d4f3982d6a3.slice,,aks-agentpool-16759353-vmss000001,cadvisor,,azure-store,store-front-6d979fbc7c-6476w,1746594000,0.0000003337435463189906
aks-sk-aks-eus2-dev,,total,/kubepods.slice/kubepods-burstable.slice/kubepods-burstable-pod3b5e1e6d_8b51_423f_93c9_6d4f3982d6a3.slice,,aks-agentpool-16759353-vmss000001,cadvisor,,azure-store,store-front-6d979fbc7c-6476w,1746680400,0.0000003337435463189906
aks-sk-aks-eus2-dev,,total,/kubepods.slice/kubepods-burstable.slice/kubepods-burstable-pod3b5e1e6d_8b51_423f_93c9_6d4f3982d6a3.slice,,aks-agentpool-16759353-vmss000001,cadvisor,,azure-store,store-front-6d979fbc7c-6476w,1746766800,0.0000003337435463189906
aks-sk-aks-eus2-dev,,total,/kubepods.slice/kubepods-burstable.slice/kubepods-burstable-pod3b5e1e6d_8b51_423f_93c9_6d4f3982d6a3.slice,,aks-agentpool-16759353-vmss000001,cadvisor,,azure-store,store-front-6d979fbc7c-6476w,1746853200,0.0000003337435463189906
aks-sk-aks-eus2-dev,,total,/kubepods.slice/kubepods-burstable.slice/kubepods-burstable-pod3b5e1e6d_8b51_423f_93c9_6d4f3982d6a3.slice,,aks-agentpool-16759353-vmss000001,cadvisor,,azure-store,store-front-6d979fbc7c-6476w,1746939600,0.0000003337435463189906
aks-sk-aks-eus2-dev,,total,/kubepods.slice/kubepods-burstable.slice/kubepods-burstable-pod3b5e1e6d_8b51_423f_93c9_6d4f3982d6a3.slice,,aks-agentpool-16759353-vmss000001,cadvisor,,azure-store,store-front-6d979fbc7c-6476w,1747026000,0.0000003337435463189906
aks-sk-aks-eus2-dev,,total,/kubepods.slice/kubepods-burstable.slice/kubepods-burstable-pod3b5e1e6d_8b51_423f_93c9_6d4f3982d6a3.slice,,aks-agentpool-16759353-vmss000001,cadvisor,,azure-store,store-front-6d979fbc7c-6476w,1747112400,0.0000003337435463189906
aks-sk-aks-eus2-dev,,total,/kubepods.slice/kubepods-burstable.slice/kubepods-burstable-pod3b5e1e6d_8b51_423f_93c9_6d4f3982d6a3.slice,,aks-agentpool-16759353-vmss000001,cadvisor,,azure-store,store-front-6d979fbc7c-6476w,1747198800,0.0000003337435463189906
aks-sk-aks-eus2-dev,,total,/kubepods.slice/kubepods-burstable.slice/kubepods-burstable-pod3b5e1e6d_8b51_423f_93c9_6d4f3982d6a3.slice,,aks-agentpool-16759353-vmss000001,cadvisor,,azure-store,store-front-6d979fbc7c-6476w,1747285200,0.0000003337435463189906
aks-sk-aks-eus2-dev,,total,/kubepods.slice/kubepods-burstable.slice/kubepods-burstable-pod3b5e1e6d_8b51_423f_93c9_6d4f3982d6a3.slice,,aks-agentpool-16759353-vmss000001,cadvisor,,azure-store,store-front-6d979fbc7c-6476w,1747371600,0.0000003337435463189906
aks-sk-aks-eus2-dev,,total,/kubepods.slice/kubepods-burstable.slice/kubepods-burstable-pod413f3f8a_f4f9_4046_9ad8_d4aadc8ce587.slice/cri-containerd-35a09877409885020b5f2ead2ab802b60676162b6dc8121788fcc4386cf07aa8.scope,mcr.microsoft.com/oss/kubernetes/pause:3.6,aks-agentpool-16759353-vmss000005,cadvisor,35a09877409885020b5f2ead2ab802b60676162b6dc8121788fcc4386cf07aa8,azure-store,product-service-6f9df459d6-njldv,1746594000,0
aks-sk-aks-eus2-dev,,total,/kubepods.slice/kubepods-burstable.slice/kubepods-burstable-pod413f3f8a_f4f9_4046_9ad8_d4aadc8ce587.slice/cri-containerd-35a09877409885020b5f2ead2ab802b60676162b6dc8121788fcc4386cf07aa8.scope,mcr.microsoft.com/oss/kubernetes/pause:3.6,aks-agentpool-16759353-vmss000005,cadvisor,35a09877409885020b5f2ead2ab802b60676162b6dc8121788fcc4386cf07aa8,azure-store,product-service-6f9df459d6-njldv,1746680400,0
aks-sk-aks-eus2-dev,,total,/kubepods.slice/kubepods-burstable.slice/kubepods-burstable-pod413f3f8a_f4f9_4046_9ad8_d4aadc8ce587.slice/cri-containerd-35a09877409885020b5f2ead2ab802b60676162b6dc8121788fcc4386cf07aa8.scope,mcr.microsoft.com/oss/kubernetes/pause:3.6,aks-agentpool-16759353-vmss000005,cadvisor,35a09877409885020b5f2ead2ab802b60676162b6dc8121788fcc4386cf07aa8,azure-store,product-service-6f9df459d6-njldv,1746766800,0
aks-sk-aks-eus2-dev,,total,/kubepods.slice/kubepods-burstable.slice/kubepods-burstable-pod413f3f8a_f4f9_4046_9ad8_d4aadc8ce587.slice/cri-containerd-35a09877409885020b5f2ead2ab802b60676162b6dc8121788fcc4386cf07aa8.scope,mcr.microsoft.com/oss/kubernetes/pause:3.6,aks-agentpool-16759353-vmss000005,cadvisor,35a09877409885020b5f2ead2ab802b60676162b6dc8121788fcc4386cf07aa8,azure-store,product-service-6f9df459d6-njldv,1746853200,0
aks-sk-aks-eus2-dev,,total,/kubepods.slice/kubepods-burstable.slice/kubepods-burstable-pod413f3f8a_f4f9_4046_9ad8_d4aadc8ce587.slice/cri-containerd-35a09877409885020b5f2ead2ab802b60676162b6dc8121788fcc4386cf07aa8.scope,mcr.microsoft.com/oss/kubernetes/pause:3.6,aks-agentpool-16759353-vmss000005,cadvisor,35a09877409885020b5f2ead2ab802b60676162b6dc8121788fcc4386cf07aa8,azure-store,product-service-6f9df459d6-njldv,1746939600,0
aks-sk-aks-eus2-dev,,total,/kubepods.slice/kubepods-burstable.slice/kubepods-burstable-pod413f3f8a_f4f9_4046_9ad8_d4aadc8ce587.slice/cri-containerd-35a09877409885020b5f2ead2ab802b60676162b6dc8121788fcc4386cf07aa8.scope,mcr.microsoft.com/oss/kubernetes/pause:3.6,aks-agentpool-16759353-vmss000005,cadvisor,35a09877409885020b5f2ead2ab802b60676162b6dc8121788fcc4386cf07aa8,azure-store,product-service-6f9df459d6-njldv,1747026000,0
aks-sk-aks-eus2-dev,,total,/kubepods.slice/kubepods-burstable.slice/kubepods-burstable-pod413f3f8a_f4f9_4046_9ad8_d4aadc8ce587.slice/cri-containerd-35a09877409885020b5f2ead2ab802b60676162b6dc8121788fcc4386cf07aa8.scope,mcr.microsoft.com/oss/kubernetes/pause:3.6,aks-agentpool-16759353-vmss000005,cadvisor,35a09877409885020b5f2ead2ab802b60676162b6dc8121788fcc4386cf07aa8,azure-store,product-service-6f9df459d6-njldv,1747112400,0
aks-sk-aks-eus2-dev,,total,/kubepods.slice/kubepods-burstable.slice/kubepods-burstable-pod413f3f8a_f4f9_4046_9ad8_d4aadc8ce587.slice/cri-containerd-35a09877409885020b5f2ead2ab802b60676162b6dc8121788fcc4386cf07aa8.scope,mcr.microsoft.com/oss/kubernetes/pause:3.6,aks-agentpool-16759353-vmss000005,cadvisor,35a09877409885020b5f2ead2ab802b60676162b6dc8121788fcc4386cf07aa8,azure-store,product-service-6f9df459d6-njldv,1747198800,0
aks-sk-aks-eus2-dev,,total,/kubepods.slice/kubepods-burstable.slice/kubepods-burstable-pod413f3f8a_f4f9_4046_9ad8_d4aadc8ce587.slice/cri-containerd-35a09877409885020b5f2ead2ab802b60676162b6dc8121788fcc4386cf07aa8.scope,mcr.microsoft.com/oss/kubernetes/pause:3.6,aks-agentpool-16759353-vmss000005,cadvisor,35a09877409885020b5f2ead2ab802b60676162b6dc8121788fcc4386cf07aa8,azure-store,product-service-6f9df459d6-njldv,1747285200,0
aks-sk-aks-eus2-dev,,total,/kubepods.slice/kubepods-burstable.slice/kubepods-burstable-pod413f3f8a_f4f9_4046_9ad8_d4aadc8ce587.slice/cri-containerd-35a09877409885020b5f2ead2ab802b60676162b6dc8121788fcc4386cf07aa8.scope,mcr.microsoft.com/oss/kubernetes/pause:3.6,aks-agentpool-16759353-vmss000005,cadvisor,35a09877409885020b5f2ead2ab802b60676162b6dc8121788fcc4386cf07aa8,azure-store,product-service-6f9df459d6-njldv,1747371600,0
aks-sk-aks-eus2-dev,,total,/kubepods.slice/kubepods-burstable.slice/kubepods-burstable-pod413f3f8a_f4f9_4046_9ad8_d4aadc8ce587.slice,,aks-agentpool-16759353-vmss000005,cadvisor,,azure-store,product-service-6f9df459d6-njldv,1746594000,0.00000006969199563082692
aks-sk-aks-eus2-dev,,total,/kubepods.slice/kubepods-burstable.slice/kubepods-burstable-pod413f3f8a_f4f9_4046_9ad8_d4aadc8ce587.slice,,aks-agentpool-16759353-vmss000005,cadvisor,,azure-store,product-service-6f9df459d6-njldv,1746680400,0.00000022289530512055678
aks-sk-aks-eus2-dev,,total,/kubepods.slice/kubepods-burstable.slice/kubepods-burstable-pod413f3f8a_f4f9_4046_9ad8_d4aadc8ce587.slice,,aks-agentpool-16759353-vmss000005,cadvisor,,azure-store,product-service-6f9df459d6-njldv,1746766800,0.00000022289530512055678
aks-sk-aks-eus2-dev,,total,/kubepods.slice/kubepods-burstable.slice/kubepods-burstable-pod413f3f8a_f4f9_4046_9ad8_d4aadc8ce587.slice,,aks-agentpool-16759353-vmss000005,cadvisor,,azure-store,product-service-6f9df459d6-njldv,1746853200,0.00000022289530512055678
aks-sk-aks-eus2-dev,,total,/kubepods.slice/kubepods-burstable.slice/kubepods-burstable-pod413f3f8a_f4f9_4046_9ad8_d4aadc8ce587.slice,,aks-agentpool-16759353-vmss000005,cadvisor,,azure-store,product-service-6f9df459d6-njldv,1746939600,0.00000022289530512055678
aks-sk-aks-eus2-dev,,total,/kubepods.slice/kubepods-burstable.slice/kubepods-burstable-pod413f3f8a_f4f9_4046_9ad8_d4aadc8ce587.slice,,aks-agentpool-16759353-vmss000005,cadvisor,,azure-store,product-service-6f9df459d6-njldv,1747026000,0.00000022289530512055678
aks-sk-aks-eus2-dev,,total,/kubepods.slice/kubepods-burstable.slice/kubepods-burstable-pod413f3f8a_f4f9_4046_9ad8_d4aadc8ce587.slice,,aks-agentpool-16759353-vmss000005,cadvisor,,azure-store,product-service-6f9df459d6-njldv,1747112400,0.00000022289530512055678
aks-sk-aks-eus2-dev,,total,/kubepods.slice/kubepods-burstable.slice/kubepods-burstable-pod413f3f8a_f4f9_4046_9ad8_d4aadc8ce587.slice,,aks-agentpool-16759353-vmss000005,cadvisor,,azure-store,product-service-6f9df459d6-njldv,1747198800,0.00000022289530512055678
aks-sk-aks-eus2-dev,,total,/kubepods.slice/kubepods-burstable.slice/kubepods-burstable-pod413f3f8a_f4f9_4046_9ad8_d4aadc8ce587.slice,,aks-agentpool-16759353-vmss000005,cadvisor,,azure-store,product-service-6f9df459d6-njldv,1747285200,0.00000022289530512055678
aks-sk-aks-eus2-dev,,total,/kubepods.slice/kubepods-burstable.slice/kubepods-burstable-pod413f3f8a_f4f9_4046_9ad8_d4aadc8ce587.slice,,aks-agentpool-16759353-vmss000005,cadvisor,,azure-store,product-service-6f9df459d6-njldv,1747371600,0.00000022289530512055678
aks-sk-aks-eus2-dev,,total,/kubepods.slice/kubepods-burstable.slice/kubepods-burstable-pod47436c28_e2f8_4906_8e74_b37433bd8f2e.slice/cri-containerd-4d3ca50862bfbfea774f4fe0c36785f674eb2b92578c3983c545c01a9a0d57e6.scope,mcr.microsoft.com/oss/kubernetes/pause:3.6,aks-agentpool-16759353-vmss000003,cadvisor,4d3ca50862bfbfea774f4fe0c36785f674eb2b92578c3983c545c01a9a0d57e6,azure-store,product-service-6f9df459d6-hlhpm,1746594000,0
aks-sk-aks-eus2-dev,,total,/kubepods.slice/kubepods-burstable.slice/kubepods-burstable-pod47436c28_e2f8_4906_8e74_b37433bd8f2e.slice/cri-containerd-4d3ca50862bfbfea774f4fe0c36785f674eb2b92578c3983c545c01a9a0d57e6.scope,mcr.microsoft.com/oss/kubernetes/pause:3.6,aks-agentpool-16759353-vmss000003,cadvisor,4d3ca50862bfbfea774f4fe0c36785f674eb2b92578c3983c545c01a9a0d57e6,azure-store,product-service-6f9df459d6-hlhpm,1746680400,0
aks-sk-aks-eus2-dev,,total,/kubepods.slice/kubepods-burstable.slice/kubepods-burstable-pod47436c28_e2f8_4906_8e74_b37433bd8f2e.slice/cri-containerd-4d3ca50862bfbfea774f4fe0c36785f674eb2b92578c3983c545c01a9a0d57e6.scope,mcr.microsoft.com/oss/kubernetes/pause:3.6,aks-agentpool-16759353-vmss000003,cadvisor,4d3ca50862bfbfea774f4fe0c36785f674eb2b92578c3983c545c01a9a0d57e6,azure-store,product-service-6f9df459d6-hlhpm,1746766800,0
aks-sk-aks-eus2-dev,,total,/kubepods.slice/kubepods-burstable.slice/kubepods-burstable-pod47436c28_e2f8_4906_8e74_b37433bd8f2e.slice/cri-containerd-4d3ca50862bfbfea774f4fe0c36785f674eb2b92578c3983c545c01a9a0d57e6.scope,mcr.microsoft.com/oss/kubernetes/pause:3.6,aks-agentpool-16759353-vmss000003,cadvisor,4d3ca50862bfbfea774f4fe0c36785f674eb2b92578c3983c545c01a9a0d57e6,azure-store,product-service-6f9df459d6-hlhpm,1746853200,0
aks-sk-aks-eus2-dev,,total,/kubepods.slice/kubepods-burstable.slice/kubepods-burstable-pod47436c28_e2f8_4906_8e74_b37433bd8f2e.slice/cri-containerd-4d3ca50862bfbfea774f4fe0c36785f674eb2b92578c3983c545c01a9a0d57e6.scope,mcr.microsoft.com/oss/kubernetes/pause:3.6,aks-agentpool-16759353-vmss000003,cadvisor,4d3ca50862bfbfea774f4fe0c36785f674eb2b92578c3983c545c01a9a0d57e6,azure-store,product-service-6f9df459d6-hlhpm,1746939600,0
aks-sk-aks-eus2-dev,,total,/kubepods.slice/kubepods-burstable.slice/kubepods-burstable-pod47436c28_e2f8_4906_8e74_b37433bd8f2e.slice/cri-containerd-4d3ca50862bfbfea774f4fe0c36785f674eb2b92578c3983c545c01a9a0d57e6.scope,mcr.microsoft.com/oss/kubernetes/pause:3.6,aks-agentpool-16759353-vmss000003,cadvisor,4d3ca50862bfbfea774f4fe0c36785f674eb2b92578c3983c545c01a9a0d57e6,azure-store,product-service-6f9df459d6-hlhpm,1747026000,0
aks-sk-aks-eus2-dev,,total,/kubepods.slice/kubepods-burstable.slice/kubepods-burstable-pod47436c28_e2f8_4906_8e74_b37433bd8f2e.slice/cri-containerd-4d3ca50862bfbfea774f4fe0c36785f674eb2b92578c3983c545c01a9a0d57e6.scope,mcr.microsoft.com/oss/kubernetes/pause:3.6,aks-agentpool-16759353-vmss000003,cadvisor,4d3ca50862bfbfea774f4fe0c36785f674eb2b92578c3983c545c01a9a0d57e6,azure-store,product-service-6f9df459d6-hlhpm,1747112400,0
aks-sk-aks-eus2-dev,,total,/kubepods.slice/kubepods-burstable.slice/kubepods-burstable-pod47436c28_e2f8_4906_8e74_b37433bd8f2e.slice/cri-containerd-4d3ca50862bfbfea774f4fe0c36785f674eb2b92578c3983c545c01a9a0d57e6.scope,mcr.microsoft.com/oss/kubernetes/pause:3.6,aks-agentpool-16759353-vmss000003,cadvisor,4d3ca50862bfbfea774f4fe0c36785f674eb2b92578c3983c545c01a9a0d57e6,azure-store,product-service-6f9df459d6-hlhpm,1747198800,0
aks-sk-aks-eus2-dev,,total,/kubepods.slice/kubepods-burstable.slice/kubepods-burstable-pod47436c28_e2f8_4906_8e74_b37433bd8f2e.slice/cri-containerd-4d3ca50862bfbfea774f4fe0c36785f674eb2b92578c3983c545c01a9a0d57e6.scope,mcr.microsoft.com/oss/kubernetes/pause:3.6,aks-agentpool-16759353-vmss000003,cadvisor,4d3ca50862bfbfea774f4fe0c36785f674eb2b92578c3983c545c01a9a0d57e6,azure-store,product-service-6f9df459d6-hlhpm,1747285200,0
aks-sk-aks-eus2-dev,,total,/kubepods.slice/kubepods-burstable.slice/kubepods-burstable-pod47436c28_e2f8_4906_8e74_b37433bd8f2e.slice/cri-containerd-4d3ca50862bfbfea774f4fe0c36785f674eb2b92578c3983c545c01a9a0d57e6.scope,mcr.microsoft.com/oss/kubernetes/pause:3.6,aks-agentpool-16759353-vmss000003,cadvisor,4d3ca50862bfbfea774f4fe0c36785f674eb2b92578c3983c545c01a9a0d57e6,azure-store,product-service-6f9df459d6-hlhpm,1747371600,0
aks-sk-aks-eus2-dev,,total,/kubepods.slice/kubepods-burstable.slice/kubepods-burstable-pod47436c28_e2f8_4906_8e74_b37433bd8f2e.slice,,aks-agentpool-16759353-vmss000003,cadvisor,,azure-store,product-service-6f9df459d6-hlhpm,1746594000,0.0000010818417418352455
aks-sk-aks-eus2-dev,,total,/kubepods.slice/kubepods-burstable.slice/kubepods-burstable-pod47436c28_e2f8_4906_8e74_b37433bd8f2e.slice,,aks-agentpool-16759353-vmss000003,cadvisor,,azure-store,product-service-6f9df459d6-hlhpm,1746680400,0.0000010818417418352455
aks-sk-aks-eus2-dev,,total,/kubepods.slice/kubepods-burstable.slice/kubepods-burstable-pod47436c28_e2f8_4906_8e74_b37433bd8f2e.slice,,aks-agentpool-16759353-vmss000003,cadvisor,,azure-store,product-service-6f9df459d6-hlhpm,1746766800,0.0000010818417418352455
aks-sk-aks-eus2-dev,,total,/kubepods.slice/kubepods-burstable.slice/kubepods-burstable-pod47436c28_e2f8_4906_8e74_b37433bd8f2e.slice,,aks-agentpool-16759353-vmss000003,cadvisor,,azure-store,product-service-6f9df459d6-hlhpm,1746853200,0.0000010818417418352455
aks-sk-aks-eus2-dev,,total,/kubepods.slice/kubepods-burstable.slice/kubepods-burstable-pod47436c28_e2f8_4906_8e74_b37433bd8f2e.slice,,aks-agentpool-16759353-vmss000003,cadvisor,,azure-store,product-service-6f9df459d6-hlhpm,1746939600,0.0000010818417418352455
aks-sk-aks-eus2-dev,,total,/kubepods.slice/kubepods-burstable.slice/kubepods-burstable-pod47436c28_e2f8_4906_8e74_b37433bd8f2e.slice,,aks-agentpool-16759353-vmss000003,cadvisor,,azure-store,product-service-6f9df459d6-hlhpm,1747026000,0.0000010818417418352455
aks-sk-aks-eus2-dev,,total,/kubepods.slice/kubepods-burstable.slice/kubepods-burstable-pod47436c28_e2f8_4906_8e74_b37433bd8f2e.slice,,aks-agentpool-16759353-vmss000003,cadvisor,,azure-store,product-service-6f9df459d6-hlhpm,1747112400,0.0000010818417418352455
aks-sk-aks-eus2-dev,,total,/kubepods.slice/kubepods-burstable.slice/kubepods-burstable-pod47436c28_e2f8_4906_8e74_b37433bd8f2e.slice,,aks-agentpool-16759353-vmss000003,cadvisor,,azure-store,product-service-6f9df459d6-hlhpm,1747198800,0.0000010818417418352455
aks-sk-aks-eus2-dev,,total,/kubepods.slice/kubepods-burstable.slice/kubepods-burstable-pod47436c28_e2f8_4906_8e74_b37433bd8f2e.slice,,aks-agentpool-16759353-vmss000003,cadvisor,,azure-store,product-service-6f9df459d6-hlhpm,1747285200,0.0000010818417418352455
aks-sk-aks-eus2-dev,,total,/kubepods.slice/kubepods-burstable.slice/kubepods-burstable-pod47436c28_e2f8_4906_8e74_b37433bd8f2e.slice,,aks-agentpool-16759353-vmss000003,cadvisor,,azure-store,product-service-6f9df459d6-hlhpm,1747371600,0.0000010818417418352455
aks-sk-aks-eus2-dev,,total,/kubepods.slice/kubepods-burstable.slice/kubepods-burstable-pod506b125f_2d59_4dde_81cb_bd946a55e435.slice/cri-containerd-4e64718838f46d8c2a8ae2099cfb110fa5847d7543be7ae40af247555516bc72.scope,mcr.microsoft.com/oss/kubernetes/pause:3.6,aks-agentpool-16759353-vmss000007,cadvisor,4e64718838f46d8c2a8ae2099cfb110fa5847d7543be7ae40af247555516bc72,azure-store,order-service-5b6fbf9bcc-kzfc9,1746680400,0
aks-sk-aks-eus2-dev,,total,/kubepods.slice/kubepods-burstable.slice/kubepods-burstable-pod506b125f_2d59_4dde_81cb_bd946a55e435.slice/cri-containerd-4e64718838f46d8c2a8ae2099cfb110fa5847d7543be7ae40af247555516bc72.scope,mcr.microsoft.com/oss/kubernetes/pause:3.6,aks-agentpool-16759353-vmss000007,cadvisor,4e64718838f46d8c2a8ae2099cfb110fa5847d7543be7ae40af247555516bc72,azure-store,order-service-5b6fbf9bcc-kzfc9,1746766800,0
aks-sk-aks-eus2-dev,,total,/kubepods.slice/kubepods-burstable.slice/kubepods-burstable-pod506b125f_2d59_4dde_81cb_bd946a55e435.slice/cri-containerd-4e64718838f46d8c2a8ae2099cfb110fa5847d7543be7ae40af247555516bc72.scope,mcr.microsoft.com/oss/kubernetes/pause:3.6,aks-agentpool-16759353-vmss000007,cadvisor,4e64718838f46d8c2a8ae2099cfb110fa5847d7543be7ae40af247555516bc72,azure-store,order-service-5b6fbf9bcc-kzfc9,1746853200,0
aks-sk-aks-eus2-dev,,total,/kubepods.slice/kubepods-burstable.slice/kubepods-burstable-pod506b125f_2d59_4dde_81cb_bd946a55e435.slice/cri-containerd-4e64718838f46d8c2a8ae2099cfb110fa5847d7543be7ae40af247555516bc72.scope,mcr.microsoft.com/oss/kubernetes/pause:3.6,aks-agentpool-16759353-vmss000007,cadvisor,4e64718838f46d8c2a8ae2099cfb110fa5847d7543be7ae40af247555516bc72,azure-store,order-service-5b6fbf9bcc-kzfc9,1746939600,0
aks-sk-aks-eus2-dev,,total,/kubepods.slice/kubepods-burstable.slice/kubepods-burstable-pod506b125f_2d59_4dde_81cb_bd946a55e435.slice/cri-containerd-4e64718838f46d8c2a8ae2099cfb110fa5847d7543be7ae40af247555516bc72.scope,mcr.microsoft.com/oss/kubernetes/pause:3.6,aks-agentpool-16759353-vmss000007,cadvisor,4e64718838f46d8c2a8ae2099cfb110fa5847d7543be7ae40af247555516bc72,azure-store,order-service-5b6fbf9bcc-kzfc9,1747026000,0
aks-sk-aks-eus2-dev,,total,/kubepods.slice/kubepods-burstable.slice/kubepods-burstable-pod506b125f_2d59_4dde_81cb_bd946a55e435.slice/cri-containerd-4e64718838f46d8c2a8ae2099cfb110fa5847d7543be7ae40af247555516bc72.scope,mcr.microsoft.com/oss/kubernetes/pause:3.6,aks-agentpool-16759353-vmss000007,cadvisor,4e64718838f46d8c2a8ae2099cfb110fa5847d7543be7ae40af247555516bc72,azure-store,order-service-5b6fbf9bcc-kzfc9,1747112400,0
aks-sk-aks-eus2-dev,,total,/kubepods.slice/kubepods-burstable.slice/kubepods-burstable-pod506b125f_2d59_4dde_81cb_bd946a55e435.slice/cri-containerd-4e64718838f46d8c2a8ae2099cfb110fa5847d7543be7ae40af247555516bc72.scope,mcr.microsoft.com/oss/kubernetes/pause:3.6,aks-agentpool-16759353-vmss000007,cadvisor,4e64718838f46d8c2a8ae2099cfb110fa5847d7543be7ae40af247555516bc72,azure-store,order-service-5b6fbf9bcc-kzfc9,1747198800,0
aks-sk-aks-eus2-dev,,total,/kubepods.slice/kubepods-burstable.slice/kubepods-burstable-pod506b125f_2d59_4dde_81cb_bd946a55e435.slice/cri-containerd-4e64718838f46d8c2a8ae2099cfb110fa5847d7543be7ae40af247555516bc72.scope,mcr.microsoft.com/oss/kubernetes/pause:3.6,aks-agentpool-16759353-vmss000007,cadvisor,4e64718838f46d8c2a8ae2099cfb110fa5847d7543be7ae40af247555516bc72,azure-store,order-service-5b6fbf9bcc-kzfc9,1747285200,0
aks-sk-aks-eus2-dev,,total,/kubepods.slice/kubepods-burstable.slice/kubepods-burstable-pod506b125f_2d59_4dde_81cb_bd946a55e435.slice/cri-containerd-4e64718838f46d8c2a8ae2099cfb110fa5847d7543be7ae40af247555516bc72.scope,mcr.microsoft.com/oss/kubernetes/pause:3.6,aks-agentpool-16759353-vmss000007,cadvisor,4e64718838f46d8c2a8ae2099cfb110fa5847d7543be7ae40af247555516bc72,azure-store,order-service-5b6fbf9bcc-kzfc9,1747371600,0
aks-sk-aks-eus2-dev,,total,/kubepods.slice/kubepods-burstable.slice/kubepods-burstable-pod506b125f_2d59_4dde_81cb_bd946a55e435.slice,,aks-agentpool-16759353-vmss000007,cadvisor,,azure-store,order-service-5b6fbf9bcc-kzfc9,1746680400,0.00000010973197242076383
aks-sk-aks-eus2-dev,,total,/kubepods.slice/kubepods-burstable.slice/kubepods-burstable-pod506b125f_2d59_4dde_81cb_bd946a55e435.slice,,aks-agentpool-16759353-vmss000007,cadvisor,,azure-store,order-service-5b6fbf9bcc-kzfc9,1746766800,0.00000010973197242076383
aks-sk-aks-eus2-dev,,total,/kubepods.slice/kubepods-burstable.slice/kubepods-burstable-pod506b125f_2d59_4dde_81cb_bd946a55e435.slice,,aks-agentpool-16759353-vmss000007,cadvisor,,azure-store,order-service-5b6fbf9bcc-kzfc9,1746853200,0.00000010973197242076383
aks-sk-aks-eus2-dev,,total,/kubepods.slice/kubepods-burstable.slice/kubepods-burstable-pod506b125f_2d59_4dde_81cb_bd946a55e435.slice,,aks-agentpool-16759353-vmss000007,cadvisor,,azure-store,order-service-5b6fbf9bcc-kzfc9,1746939600,0.00000010973197242076383
aks-sk-aks-eus2-dev,,total,/kubepods.slice/kubepods-burstable.slice/kubepods-burstable-pod506b125f_2d59_4dde_81cb_bd946a55e435.slice,,aks-agentpool-16759353-vmss000007,cadvisor,,azure-store,order-service-5b6fbf9bcc-kzfc9,1747026000,0.00000010973197242076383
aks-sk-aks-eus2-dev,,total,/kubepods.slice/kubepods-burstable.slice/kubepods-burstable-pod506b125f_2d59_4dde_81cb_bd946a55e435.slice,,aks-agentpool-16759353-vmss000007,cadvisor,,azure-store,order-service-5b6fbf9bcc-kzfc9,1747112400,0.00000010973197242076383
aks-sk-aks-eus2-dev,,total,/kubepods.slice/kubepods-burstable.slice/kubepods-burstable-pod506b125f_2d59_4dde_81cb_bd946a55e435.slice,,aks-agentpool-16759353-vmss000007,cadvisor,,azure-store,order-service-5b6fbf9bcc-kzfc9,1747198800,0.00000010973197242076383
aks-sk-aks-eus2-dev,,total,/kubepods.slice/kubepods-burstable.slice/kubepods-burstable-pod506b125f_2d59_4dde_81cb_bd946a55e435.slice,,aks-agentpool-16759353-vmss000007,cadvisor,,azure-store,order-service-5b6fbf9bcc-kzfc9,1747285200,0.00000010973197242076383
aks-sk-aks-eus2-dev,,total,/kubepods.slice/kubepods-burstable.slice/kubepods-burstable-pod506b125f_2d59_4dde_81cb_bd946a55e435.slice,,aks-agentpool-16759353-vmss000007,cadvisor,,azure-store,order-service-5b6fbf9bcc-kzfc9,1747371600,0.00000010973197242076383
aks-sk-aks-eus2-dev,,total,/kubepods.slice/kubepods-burstable.slice/kubepods-burstable-pod68166d7f_eb2c_438c_8e83_73067238aaf9.slice/cri-containerd-7e513c9466b95cd3f436732ab9a90b67c649200c06da7696418dc52cee1aa841.scope,mcr.microsoft.com/oss/kubernetes/pause:3.6,aks-agentpool-16759353-vmss000009,cadvisor,7e513c9466b95cd3f436732ab9a90b67c649200c06da7696418dc52cee1aa841,azure-store,order-service-5b6fbf9bcc-l47dl,1746766800,0
aks-sk-aks-eus2-dev,,total,/kubepods.slice/kubepods-burstable.slice/kubepods-burstable-pod68166d7f_eb2c_438c_8e83_73067238aaf9.slice/cri-containerd-7e513c9466b95cd3f436732ab9a90b67c649200c06da7696418dc52cee1aa841.scope,mcr.microsoft.com/oss/kubernetes/pause:3.6,aks-agentpool-16759353-vmss000009,cadvisor,7e513c9466b95cd3f436732ab9a90b67c649200c06da7696418dc52cee1aa841,azure-store,order-service-5b6fbf9bcc-l47dl,1746853200,0
aks-sk-aks-eus2-dev,,total,/kubepods.slice/kubepods-burstable.slice/kubepods-burstable-pod68166d7f_eb2c_438c_8e83_73067238aaf9.slice/cri-containerd-7e513c9466b95cd3f436732ab9a90b67c649200c06da7696418dc52cee1aa841.scope,mcr.microsoft.com/oss/kubernetes/pause:3.6,aks-agentpool-16759353-vmss000009,cadvisor,7e513c9466b95cd3f436732ab9a90b67c649200c06da7696418dc52cee1aa841,azure-store,order-service-5b6fbf9bcc-l47dl,1746939600,0
aks-sk-aks-eus2-dev,,total,/kubepods.slice/kubepods-burstable.slice/kubepods-burstable-pod68166d7f_eb2c_438c_8e83_73067238aaf9.slice/cri-containerd-7e513c9466b95cd3f436732ab9a90b67c649200c06da7696418dc52cee1aa841.scope,mcr.microsoft.com/oss/kubernetes/pause:3.6,aks-agentpool-16759353-vmss000009,cadvisor,7e513c9466b95cd3f436732ab9a90b67c649200c06da7696418dc52cee1aa841,azure-store,order-service-5b6fbf9bcc-l47dl,1747026000,0
aks-sk-aks-eus2-dev,,total,/kubepods.slice/kubepods-burstable.slice/kubepods-burstable-pod68166d7f_eb2c_438c_8e83_73067238aaf9.slice/cri-containerd-7e513c9466b95cd3f436732ab9a90b67c649200c06da7696418dc52cee1aa841.scope,mcr.microsoft.com/oss/kubernetes/pause:3.6,aks-agentpool-16759353-vmss000009,cadvisor,7e513c9466b95cd3f436732ab9a90b67c649200c06da7696418dc52cee1aa841,azure-store,order-service-5b6fbf9bcc-l47dl,1747112400,0
aks-sk-aks-eus2-dev,,total,/kubepods.slice/kubepods-burstable.slice/kubepods-burstable-pod68166d7f_eb2c_438c_8e83_73067238aaf9.slice/cri-containerd-7e513c9466b95cd3f436732ab9a90b67c649200c06da7696418dc52cee1aa841.scope,mcr.microsoft.com/oss/kubernetes/pause:3.6,aks-agentpool-16759353-vmss000009,cadvisor,7e513c9466b95cd3f436732ab9a90b67c649200c06da7696418dc52cee1aa841,azure-store,order-service-5b6fbf9bcc-l47dl,1747198800,0
aks-sk-aks-eus2-dev,,total,/kubepods.slice/kubepods-burstable.slice/kubepods-burstable-pod68166d7f_eb2c_438c_8e83_73067238aaf9.slice/cri-containerd-7e513c9466b95cd3f436732ab9a90b67c649200c06da7696418dc52cee1aa841.scope,mcr.microsoft.com/oss/kubernetes/pause:3.6,aks-agentpool-16759353-vmss000009,cadvisor,7e513c9466b95cd3f436732ab9a90b67c649200c06da7696418dc52cee1aa841,azure-store,order-service-5b6fbf9bcc-l47dl,1747285200,0
aks-sk-aks-eus2-dev,,total,/kubepods.slice/kubepods-burstable.slice/kubepods-burstable-pod68166d7f_eb2c_438c_8e83_73067238aaf9.slice/cri-containerd-7e513c9466b95cd3f436732ab9a90b67c649200c06da7696418dc52cee1aa841.scope,mcr.microsoft.com/oss/kubernetes/pause:3.6,aks-agentpool-16759353-vmss000009,cadvisor,7e513c9466b95cd3f436732ab9a90b67c649200c06da7696418dc52cee1aa841,azure-store,order-service-5b6fbf9bcc-l47dl,1747371600,0
aks-sk-aks-eus2-dev,,total,/kubepods.slice/kubepods-burstable.slice/kubepods-burstable-pod68166d7f_eb2c_438c_8e83_73067238aaf9.slice,,aks-agentpool-16759353-vmss000009,cadvisor,,azure-store,order-service-5b6fbf9bcc-l47dl,1746766800,0.00000011383934630543152
aks-sk-aks-eus2-dev,,total,/kubepods.slice/kubepods-burstable.slice/kubepods-burstable-pod68166d7f_eb2c_438c_8e83_73067238aaf9.slice,,aks-agentpool-16759353-vmss000009,cadvisor,,azure-store,order-service-5b6fbf9bcc-l47dl,1746853200,0.00000011383934630543152
aks-sk-aks-eus2-dev,,total,/kubepods.slice/kubepods-burstable.slice/kubepods-burstable-pod68166d7f_eb2c_438c_8e83_73067238aaf9.slice,,aks-agentpool-16759353-vmss000009,cadvisor,,azure-store,order-service-5b6fbf9bcc-l47dl,1746939600,0.00000011383934630543152
aks-sk-aks-eus2-dev,,total,/kubepods.slice/kubepods-burstable.slice/kubepods-burstable-pod68166d7f_eb2c_438c_8e83_73067238aaf9.slice,,aks-agentpool-16759353-vmss000009,cadvisor,,azure-store,order-service-5b6fbf9bcc-l47dl,1747026000,0.00000011383934630543152
aks-sk-aks-eus2-dev,,total,/kubepods.slice/kubepods-burstable.slice/kubepods-burstable-pod68166d7f_eb2c_438c_8e83_73067238aaf9.slice,,aks-agentpool-16759353-vmss000009,cadvisor,,azure-store,order-service-5b6fbf9bcc-l47dl,1747112400,0.00000011383934630543152
aks-sk-aks-eus2-dev,,total,/kubepods.slice/kubepods-burstable.slice/kubepods-burstable-pod68166d7f_eb2c_438c_8e83_73067238aaf9.slice,,aks-agentpool-16759353-vmss000009,cadvisor,,azure-store,order-service-5b6fbf9bcc-l47dl,1747198800,0.00000011383934630543152
aks-sk-aks-eus2-dev,,total,/kubepods.slice/kubepods-burstable.slice/kubepods-burstable-pod68166d7f_eb2c_438c_8e83_73067238aaf9.slice,,aks-agentpool-16759353-vmss000009,cadvisor,,azure-store,order-service-5b6fbf9bcc-l47dl,1747285200,0.00000011383934630543152
aks-sk-aks-eus2-dev,,total,/kubepods.slice/kubepods-burstable.slice/kubepods-burstable-pod68166d7f_eb2c_438c_8e83_73067238aaf9.slice,,aks-agentpool-16759353-vmss000009,cadvisor,,azure-store,order-service-5b6fbf9bcc-l47dl,1747371600,0.00000011383934630543152
aks-sk-aks-eus2-dev,,total,/kubepods.slice/kubepods-burstable.slice/kubepods-burstable-pod73063887_628a_41ea_a267_334af8ec58b9.slice/cri-containerd-e7c2999dfe3327f66fe7f0843f3601ac333acf360ba000089f7573cf9afe6ca6.scope,mcr.microsoft.com/oss/kubernetes/pause:3.6,aks-agentpool-16759353-vmss000009,cadvisor,e7c2999dfe3327f66fe7f0843f3601ac333acf360ba000089f7573cf9afe6ca6,azure-store,store-front-6d979fbc7c-7cw2n,1746766800,0
aks-sk-aks-eus2-dev,,total,/kubepods.slice/kubepods-burstable.slice/kubepods-burstable-pod73063887_628a_41ea_a267_334af8ec58b9.slice/cri-containerd-e7c2999dfe3327f66fe7f0843f3601ac333acf360ba000089f7573cf9afe6ca6.scope,mcr.microsoft.com/oss/kubernetes/pause:3.6,aks-agentpool-16759353-vmss000009,cadvisor,e7c2999dfe3327f66fe7f0843f3601ac333acf360ba000089f7573cf9afe6ca6,azure-store,store-front-6d979fbc7c-7cw2n,1746853200,0
aks-sk-aks-eus2-dev,,total,/kubepods.slice/kubepods-burstable.slice/kubepods-burstable-pod73063887_628a_41ea_a267_334af8ec58b9.slice/cri-containerd-e7c2999dfe3327f66fe7f0843f3601ac333acf360ba000089f7573cf9afe6ca6.scope,mcr.microsoft.com/oss/kubernetes/pause:3.6,aks-agentpool-16759353-vmss000009,cadvisor,e7c2999dfe3327f66fe7f0843f3601ac333acf360ba000089f7573cf9afe6ca6,azure-store,store-front-6d979fbc7c-7cw2n,1746939600,0
aks-sk-aks-eus2-dev,,total,/kubepods.slice/kubepods-burstable.slice/kubepods-burstable-pod73063887_628a_41ea_a267_334af8ec58b9.slice/cri-containerd-e7c2999dfe3327f66fe7f0843f3601ac333acf360ba000089f7573cf9afe6ca6.scope,mcr.microsoft.com/oss/kubernetes/pause:3.6,aks-agentpool-16759353-vmss000009,cadvisor,e7c2999dfe3327f66fe7f0843f3601ac333acf360ba000089f7573cf9afe6ca6,azure-store,store-front-6d979fbc7c-7cw2n,1747026000,0
aks-sk-aks-eus2-dev,,total,/kubepods.slice/kubepods-burstable.slice/kubepods-burstable-pod73063887_628a_41ea_a267_334af8ec58b9.slice/cri-containerd-e7c2999dfe3327f66fe7f0843f3601ac333acf360ba000089f7573cf9afe6ca6.scope,mcr.microsoft.com/oss/kubernetes/pause:3.6,aks-agentpool-16759353-vmss000009,cadvisor,e7c2999dfe3327f66fe7f0843f3601ac333acf360ba000089f7573cf9afe6ca6,azure-store,store-front-6d979fbc7c-7cw2n,1747112400,0
aks-sk-aks-eus2-dev,,total,/kubepods.slice/kubepods-burstable.slice/kubepods-burstable-pod73063887_628a_41ea_a267_334af8ec58b9.slice/cri-containerd-e7c2999dfe3327f66fe7f0843f3601ac333acf360ba000089f7573cf9afe6ca6.scope,mcr.microsoft.com/oss/kubernetes/pause:3.6,aks-agentpool-16759353-vmss000009,cadvisor,e7c2999dfe3327f66fe7f0843f3601ac333acf360ba000089f7573cf9afe6ca6,azure-store,store-front-6d979fbc7c-7cw2n,1747198800,0
aks-sk-aks-eus2-dev,,total,/kubepods.slice/kubepods-burstable.slice/kubepods-burstable-pod73063887_628a_41ea_a267_334af8ec58b9.slice/cri-containerd-e7c2999dfe3327f66fe7f0843f3601ac333acf360ba000089f7573cf9afe6ca6.scope,mcr.microsoft.com/oss/kubernetes/pause:3.6,aks-agentpool-16759353-vmss000009,cadvisor,e7c2999dfe3327f66fe7f0843f3601ac333acf360ba000089f7573cf9afe6ca6,azure-store,store-front-6d979fbc7c-7cw2n,1747285200,0
aks-sk-aks-eus2-dev,,total,/kubepods.slice/kubepods-burstable.slice/kubepods-burstable-pod73063887_628a_41ea_a267_334af8ec58b9.slice/cri-containerd-e7c2999dfe3327f66fe7f0843f3601ac333acf360ba000089f7573cf9afe6ca6.scope,mcr.microsoft.com/oss/kubernetes/pause:3.6,aks-agentpool-16759353-vmss000009,cadvisor,e7c2999dfe3327f66fe7f0843f3601ac333acf360ba000089f7573cf9afe6ca6,azure-store,store-front-6d979fbc7c-7cw2n,1747371600,0
aks-sk-aks-eus2-dev,,total,/kubepods.slice/kubepods-burstable.slice/kubepods-burstable-pod73063887_628a_41ea_a267_334af8ec58b9.slice,,aks-agentpool-16759353-vmss000009,cadvisor,,azure-store,store-front-6d979fbc7c-7cw2n,1746766800,0.0000005855446270684885
aks-sk-aks-eus2-dev,,total,/kubepods.slice/kubepods-burstable.slice/kubepods-burstable-pod73063887_628a_41ea_a267_334af8ec58b9.slice,,aks-agentpool-16759353-vmss000009,cadvisor,,azure-store,store-front-6d979fbc7c-7cw2n,1746853200,0.0000005855446270684885
aks-sk-aks-eus2-dev,,total,/kubepods.slice/kubepods-burstable.slice/kubepods-burstable-pod73063887_628a_41ea_a267_334af8ec58b9.slice,,aks-agentpool-16759353-vmss000009,cadvisor,,azure-store,store-front-6d979fbc7c-7cw2n,1746939600,0.0000005855446270684885
aks-sk-aks-eus2-dev,,total,/kubepods.slice/kubepods-burstable.slice/kubepods-burstable-pod73063887_628a_41ea_a267_334af8ec58b9.slice,,aks-agentpool-16759353-vmss000009,cadvisor,,azure-store,store-front-6d979fbc7c-7cw2n,1747026000,0.0000005855446270684885
aks-sk-aks-eus2-dev,,total,/kubepods.slice/kubepods-burstable.slice/kubepods-burstable-pod73063887_628a_41ea_a267_334af8ec58b9.slice,,aks-agentpool-16759353-vmss000009,cadvisor,,azure-store,store-front-6d979fbc7c-7cw2n,1747112400,0.0000005855446270684885
aks-sk-aks-eus2-dev,,total,/kubepods.slice/kubepods-burstable.slice/kubepods-burstable-pod73063887_628a_41ea_a267_334af8ec58b9.slice,,aks-agentpool-16759353-vmss000009,cadvisor,,azure-store,store-front-6d979fbc7c-7cw2n,1747198800,0.0000005855446270684885
aks-sk-aks-eus2-dev,,total,/kubepods.slice/kubepods-burstable.slice/kubepods-burstable-pod73063887_628a_41ea_a267_334af8ec58b9.slice,,aks-agentpool-16759353-vmss000009,cadvisor,,azure-store,store-front-6d979fbc7c-7cw2n,1747285200,0.0000005855446270684885
aks-sk-aks-eus2-dev,,total,/kubepods.slice/kubepods-burstable.slice/kubepods-burstable-pod73063887_628a_41ea_a267_334af8ec58b9.slice,,aks-agentpool-16759353-vmss000009,cadvisor,,azure-store,store-front-6d979fbc7c-7cw2n,1747371600,0.0000005855446270684885
aks-sk-aks-eus2-dev,,total,/kubepods.slice/kubepods-burstable.slice/kubepods-burstable-pod871bd2fe_3790_40e8_a732_dc373e458b57.slice/cri-containerd-7e8c4b45ce661fcd9bd0f3f707df522ea961a08488fc4b1d571c60152d58c9f1.scope,mcr.microsoft.com/oss/kubernetes/pause:3.6,aks-agentpool-16759353-vmss000002,cadvisor,7e8c4b45ce661fcd9bd0f3f707df522ea961a08488fc4b1d571c60152d58c9f1,azure-store,rabbitmq-5dd7b7f876-6zrpv,1746594000,0
aks-sk-aks-eus2-dev,,total,/kubepods.slice/kubepods-burstable.slice/kubepods-burstable-pod871bd2fe_3790_40e8_a732_dc373e458b57.slice/cri-containerd-7e8c4b45ce661fcd9bd0f3f707df522ea961a08488fc4b1d571c60152d58c9f1.scope,mcr.microsoft.com/oss/kubernetes/pause:3.6,aks-agentpool-16759353-vmss000002,cadvisor,7e8c4b45ce661fcd9bd0f3f707df522ea961a08488fc4b1d571c60152d58c9f1,azure-store,rabbitmq-5dd7b7f876-6zrpv,1746680400,0
aks-sk-aks-eus2-dev,,total,/kubepods.slice/kubepods-burstable.slice/kubepods-burstable-pod871bd2fe_3790_40e8_a732_dc373e458b57.slice/cri-containerd-7e8c4b45ce661fcd9bd0f3f707df522ea961a08488fc4b1d571c60152d58c9f1.scope,mcr.microsoft.com/oss/kubernetes/pause:3.6,aks-agentpool-16759353-vmss000002,cadvisor,7e8c4b45ce661fcd9bd0f3f707df522ea961a08488fc4b1d571c60152d58c9f1,azure-store,rabbitmq-5dd7b7f876-6zrpv,1746766800,0
aks-sk-aks-eus2-dev,,total,/kubepods.slice/kubepods-burstable.slice/kubepods-burstable-pod871bd2fe_3790_40e8_a732_dc373e458b57.slice/cri-containerd-7e8c4b45ce661fcd9bd0f3f707df522ea961a08488fc4b1d571c60152d58c9f1.scope,mcr.microsoft.com/oss/kubernetes/pause:3.6,aks-agentpool-16759353-vmss000002,cadvisor,7e8c4b45ce661fcd9bd0f3f707df522ea961a08488fc4b1d571c60152d58c9f1,azure-store,rabbitmq-5dd7b7f876-6zrpv,1746853200,0
aks-sk-aks-eus2-dev,,total,/kubepods.slice/kubepods-burstable.slice/kubepods-burstable-pod871bd2fe_3790_40e8_a732_dc373e458b57.slice/cri-containerd-7e8c4b45ce661fcd9bd0f3f707df522ea961a08488fc4b1d571c60152d58c9f1.scope,mcr.microsoft.com/oss/kubernetes/pause:3.6,aks-agentpool-16759353-vmss000002,cadvisor,7e8c4b45ce661fcd9bd0f3f707df522ea961a08488fc4b1d571c60152d58c9f1,azure-store,rabbitmq-5dd7b7f876-6zrpv,1746939600,0
aks-sk-aks-eus2-dev,,total,/kubepods.slice/kubepods-burstable.slice/kubepods-burstable-pod871bd2fe_3790_40e8_a732_dc373e458b57.slice/cri-containerd-7e8c4b45ce661fcd9bd0f3f707df522ea961a08488fc4b1d571c60152d58c9f1.scope,mcr.microsoft.com/oss/kubernetes/pause:3.6,aks-agentpool-16759353-vmss000002,cadvisor,7e8c4b45ce661fcd9bd0f3f707df522ea961a08488fc4b1d571c60152d58c9f1,azure-store,rabbitmq-5dd7b7f876-6zrpv,1747026000,0
aks-sk-aks-eus2-dev,,total,/kubepods.slice/kubepods-burstable.slice/kubepods-burstable-pod871bd2fe_3790_40e8_a732_dc373e458b57.slice/cri-containerd-7e8c4b45ce661fcd9bd0f3f707df522ea961a08488fc4b1d571c60152d58c9f1.scope,mcr.microsoft.com/oss/kubernetes/pause:3.6,aks-agentpool-16759353-vmss000002,cadvisor,7e8c4b45ce661fcd9bd0f3f707df522ea961a08488fc4b1d571c60152d58c9f1,azure-store,rabbitmq-5dd7b7f876-6zrpv,1747112400,0
aks-sk-aks-eus2-dev,,total,/kubepods.slice/kubepods-burstable.slice/kubepods-burstable-pod871bd2fe_3790_40e8_a732_dc373e458b57.slice/cri-containerd-7e8c4b45ce661fcd9bd0f3f707df522ea961a08488fc4b1d571c60152d58c9f1.scope,mcr.microsoft.com/oss/kubernetes/pause:3.6,aks-agentpool-16759353-vmss000002,cadvisor,7e8c4b45ce661fcd9bd0f3f707df522ea961a08488fc4b1d571c60152d58c9f1,azure-store,rabbitmq-5dd7b7f876-6zrpv,1747198800,0
aks-sk-aks-eus2-dev,,total,/kubepods.slice/kubepods-burstable.slice/kubepods-burstable-pod871bd2fe_3790_40e8_a732_dc373e458b57.slice/cri-containerd-7e8c4b45ce661fcd9bd0f3f707df522ea961a08488fc4b1d571c60152d58c9f1.scope,mcr.microsoft.com/oss/kubernetes/pause:3.6,aks-agentpool-16759353-vmss000002,cadvisor,7e8c4b45ce661fcd9bd0f3f707df522ea961a08488fc4b1d571c60152d58c9f1,azure-store,rabbitmq-5dd7b7f876-6zrpv,1747285200,0
aks-sk-aks-eus2-dev,,total,/kubepods.slice/kubepods-burstable.slice/kubepods-burstable-pod871bd2fe_3790_40e8_a732_dc373e458b57.slice/cri-containerd-7e8c4b45ce661fcd9bd0f3f707df522ea961a08488fc4b1d571c60152d58c9f1.scope,mcr.microsoft.com/oss/kubernetes/pause:3.6,aks-agentpool-16759353-vmss000002,cadvisor,7e8c4b45ce661fcd9bd0f3f707df522ea961a08488fc4b1d571c60152d58c9f1,azure-store,rabbitmq-5dd7b7f876-6zrpv,1747371600,0
aks-sk-aks-eus2-dev,,total,/kubepods.slice/kubepods-burstable.slice/kubepods-burstable-pod871bd2fe_3790_40e8_a732_dc373e458b57.slice,,aks-agentpool-16759353-vmss000002,cadvisor,,azure-store,rabbitmq-5dd7b7f876-6zrpv,1746594000,0.00005015943883429915
aks-sk-aks-eus2-dev,,total,/kubepods.slice/kubepods-burstable.slice/kubepods-burstable-pod871bd2fe_3790_40e8_a732_dc373e458b57.slice,,aks-agentpool-16759353-vmss000002,cadvisor,,azure-store,rabbitmq-5dd7b7f876-6zrpv,1746680400,0.00005015943883429915
aks-sk-aks-eus2-dev,,total,/kubepods.slice/kubepods-burstable.slice/kubepods-burstable-pod871bd2fe_3790_40e8_a732_dc373e458b57.slice,,aks-agentpool-16759353-vmss000002,cadvisor,,azure-store,rabbitmq-5dd7b7f876-6zrpv,1746766800,0.00005015943883429915
aks-sk-aks-eus2-dev,,total,/kubepods.slice/kubepods-burstable.slice/kubepods-burstable-pod871bd2fe_3790_40e8_a732_dc373e458b57.slice,,aks-agentpool-16759353-vmss000002,cadvisor,,azure-store,rabbitmq-5dd7b7f876-6zrpv,1746853200,0.00005015943883429915
aks-sk-aks-eus2-dev,,total,/kubepods.slice/kubepods-burstable.slice/kubepods-burstable-pod871bd2fe_3790_40e8_a732_dc373e458b57.slice,,aks-agentpool-16759353-vmss000002,cadvisor,,azure-store,rabbitmq-5dd7b7f876-6zrpv,1746939600,0.00005015943883429915
aks-sk-aks-eus2-dev,,total,/kubepods.slice/kubepods-burstable.slice/kubepods-burstable-pod871bd2fe_3790_40e8_a732_dc373e458b57.slice,,aks-agentpool-16759353-vmss000002,cadvisor,,azure-store,rabbitmq-5dd7b7f876-6zrpv,1747026000,0.00005015943883429915
aks-sk-aks-eus2-dev,,total,/kubepods.slice/kubepods-burstable.slice/kubepods-burstable-pod871bd2fe_3790_40e8_a732_dc373e458b57.slice,,aks-agentpool-16759353-vmss000002,cadvisor,,azure-store,rabbitmq-5dd7b7f876-6zrpv,1747112400,0.00005015943883429915
aks-sk-aks-eus2-dev,,total,/kubepods.slice/kubepods-burstable.slice/kubepods-burstable-pod871bd2fe_3790_40e8_a732_dc373e458b57.slice,,aks-agentpool-16759353-vmss000002,cadvisor,,azure-store,rabbitmq-5dd7b7f876-6zrpv,1747198800,0.00005015943883429915
aks-sk-aks-eus2-dev,,total,/kubepods.slice/kubepods-burstable.slice/kubepods-burstable-pod871bd2fe_3790_40e8_a732_dc373e458b57.slice,,aks-agentpool-16759353-vmss000002,cadvisor,,azure-store,rabbitmq-5dd7b7f876-6zrpv,1747285200,0.00005015943883429915
aks-sk-aks-eus2-dev,,total,/kubepods.slice/kubepods-burstable.slice/kubepods-burstable-pod871bd2fe_3790_40e8_a732_dc373e458b57.slice,,aks-agentpool-16759353-vmss000002,cadvisor,,azure-store,rabbitmq-5dd7b7f876-6zrpv,1747371600,0.00005015943883429915
aks-sk-aks-eus2-dev,,total,/kubepods.slice/kubepods-burstable.slice/kubepods-burstable-pod91429bef_d9e8_464c_9c93_0523e771f556.slice/cri-containerd-809a6ac2fcc39e1bf280f84b91862e126dac2c19b7390a0f626a1bc1a72e41c6.scope,mcr.microsoft.com/oss/kubernetes/pause:3.6,aks-agentpool-16759353-vmss000007,cadvisor,809a6ac2fcc39e1bf280f84b91862e126dac2c19b7390a0f626a1bc1a72e41c6,azure-store,product-service-6f9df459d6-q6g4r,1746680400,0
aks-sk-aks-eus2-dev,,total,/kubepods.slice/kubepods-burstable.slice/kubepods-burstable-pod91429bef_d9e8_464c_9c93_0523e771f556.slice/cri-containerd-809a6ac2fcc39e1bf280f84b91862e126dac2c19b7390a0f626a1bc1a72e41c6.scope,mcr.microsoft.com/oss/kubernetes/pause:3.6,aks-agentpool-16759353-vmss000007,cadvisor,809a6ac2fcc39e1bf280f84b91862e126dac2c19b7390a0f626a1bc1a72e41c6,azure-store,product-service-6f9df459d6-q6g4r,1746766800,0
aks-sk-aks-eus2-dev,,total,/kubepods.slice/kubepods-burstable.slice/kubepods-burstable-pod91429bef_d9e8_464c_9c93_0523e771f556.slice/cri-containerd-809a6ac2fcc39e1bf280f84b91862e126dac2c19b7390a0f626a1bc1a72e41c6.scope,mcr.microsoft.com/oss/kubernetes/pause:3.6,aks-agentpool-16759353-vmss000007,cadvisor,809a6ac2fcc39e1bf280f84b91862e126dac2c19b7390a0f626a1bc1a72e41c6,azure-store,product-service-6f9df459d6-q6g4r,1746853200,0
aks-sk-aks-eus2-dev,,total,/kubepods.slice/kubepods-burstable.slice/kubepods-burstable-pod91429bef_d9e8_464c_9c93_0523e771f556.slice/cri-containerd-809a6ac2fcc39e1bf280f84b91862e126dac2c19b7390a0f626a1bc1a72e41c6.scope,mcr.microsoft.com/oss/kubernetes/pause:3.6,aks-agentpool-16759353-vmss000007,cadvisor,809a6ac2fcc39e1bf280f84b91862e126dac2c19b7390a0f626a1bc1a72e41c6,azure-store,product-service-6f9df459d6-q6g4r,1746939600,0
aks-sk-aks-eus2-dev,,total,/kubepods.slice/kubepods-burstable.slice/kubepods-burstable-pod91429bef_d9e8_464c_9c93_0523e771f556.slice/cri-containerd-809a6ac2fcc39e1bf280f84b91862e126dac2c19b7390a0f626a1bc1a72e41c6.scope,mcr.microsoft.com/oss/kubernetes/pause:3.6,aks-agentpool-16759353-vmss000007,cadvisor,809a6ac2fcc39e1bf280f84b91862e126dac2c19b7390a0f626a1bc1a72e41c6,azure-store,product-service-6f9df459d6-q6g4r,1747026000,0
aks-sk-aks-eus2-dev,,total,/kubepods.slice/kubepods-burstable.slice/kubepods-burstable-pod91429bef_d9e8_464c_9c93_0523e771f556.slice/cri-containerd-809a6ac2fcc39e1bf280f84b91862e126dac2c19b7390a0f626a1bc1a72e41c6.scope,mcr.microsoft.com/oss/kubernetes/pause:3.6,aks-agentpool-16759353-vmss000007,cadvisor,809a6ac2fcc39e1bf280f84b91862e126dac2c19b7390a0f626a1bc1a72e41c6,azure-store,product-service-6f9df459d6-q6g4r,1747112400,0
aks-sk-aks-eus2-dev,,total,/kubepods.slice/kubepods-burstable.slice/kubepods-burstable-pod91429bef_d9e8_464c_9c93_0523e771f556.slice/cri-containerd-809a6ac2fcc39e1bf280f84b91862e126dac2c19b7390a0f626a1bc1a72e41c6.scope,mcr.microsoft.com/oss/kubernetes/pause:3.6,aks-agentpool-16759353-vmss000007,cadvisor,809a6ac2fcc39e1bf280f84b91862e126dac2c19b7390a0f626a1bc1a72e41c6,azure-store,product-service-6f9df459d6-q6g4r,1747198800,0
aks-sk-aks-eus2-dev,,total,/kubepods.slice/kubepods-burstable.slice/kubepods-burstable-pod91429bef_d9e8_464c_9c93_0523e771f556.slice/cri-containerd-809a6ac2fcc39e1bf280f84b91862e126dac2c19b7390a0f626a1bc1a72e41c6.scope,mcr.microsoft.com/oss/kubernetes/pause:3.6,aks-agentpool-16759353-vmss000007,cadvisor,809a6ac2fcc39e1bf280f84b91862e126dac2c19b7390a0f626a1bc1a72e41c6,azure-store,product-service-6f9df459d6-q6g4r,1747285200,0
aks-sk-aks-eus2-dev,,total,/kubepods.slice/kubepods-burstable.slice/kubepods-burstable-pod91429bef_d9e8_464c_9c93_0523e771f556.slice/cri-containerd-809a6ac2fcc39e1bf280f84b91862e126dac2c19b7390a0f626a1bc1a72e41c6.scope,mcr.microsoft.com/oss/kubernetes/pause:3.6,aks-agentpool-16759353-vmss000007,cadvisor,809a6ac2fcc39e1bf280f84b91862e126dac2c19b7390a0f626a1bc1a72e41c6,azure-store,product-service-6f9df459d6-q6g4r,1747371600,0
aks-sk-aks-eus2-dev,,total,/kubepods.slice/kubepods-burstable.slice/kubepods-burstable-pod91429bef_d9e8_464c_9c93_0523e771f556.slice,,aks-agentpool-16759353-vmss000007,cadvisor,,azure-store,product-service-6f9df459d6-q6g4r,1746680400,0.0000012716344740451955
aks-sk-aks-eus2-dev,,total,/kubepods.slice/kubepods-burstable.slice/kubepods-burstable-pod91429bef_d9e8_464c_9c93_0523e771f556.slice,,aks-agentpool-16759353-vmss000007,cadvisor,,azure-store,product-service-6f9df459d6-q6g4r,1746766800,0.0000012716344740451955
aks-sk-aks-eus2-dev,,total,/kubepods.slice/kubepods-burstable.slice/kubepods-burstable-pod91429bef_d9e8_464c_9c93_0523e771f556.slice,,aks-agentpool-16759353-vmss000007,cadvisor,,azure-store,product-service-6f9df459d6-q6g4r,1746853200,0.0000012716344740451955
aks-sk-aks-eus2-dev,,total,/kubepods.slice/kubepods-burstable.slice/kubepods-burstable-pod91429bef_d9e8_464c_9c93_0523e771f556.slice,,aks-agentpool-16759353-vmss000007,cadvisor,,azure-store,product-service-6f9df459d6-q6g4r,1746939600,0.0000012716344740451955
aks-sk-aks-eus2-dev,,total,/kubepods.slice/kubepods-burstable.slice/kubepods-burstable-pod91429bef_d9e8_464c_9c93_0523e771f556.slice,,aks-agentpool-16759353-vmss000007,cadvisor,,azure-store,product-service-6f9df459d6-q6g4r,1747026000,0.0000012716344740451955
aks-sk-aks-eus2-dev,,total,/kubepods.slice/kubepods-burstable.slice/kubepods-burstable-pod91429bef_d9e8_464c_9c93_0523e771f556.slice,,aks-agentpool-16759353-vmss000007,cadvisor,,azure-store,product-service-6f9df459d6-q6g4r,1747112400,0.0000012716344740451955
aks-sk-aks-eus2-dev,,total,/kubepods.slice/kubepods-burstable.slice/kubepods-burstable-pod91429bef_d9e8_464c_9c93_0523e771f556.slice,,aks-agentpool-16759353-vmss000007,cadvisor,,azure-store,product-service-6f9df459d6-q6g4r,1747198800,0.0000012716344740451955
aks-sk-aks-eus2-dev,,total,/kubepods.slice/kubepods-burstable.slice/kubepods-burstable-pod91429bef_d9e8_464c_9c93_0523e771f556.slice,,aks-agentpool-16759353-vmss000007,cadvisor,,azure-store,product-service-6f9df459d6-q6g4r,1747285200,0.0000012716344740451955
aks-sk-aks-eus2-dev,,total,/kubepods.slice/kubepods-burstable.slice/kubepods-burstable-pod91429bef_d9e8_464c_9c93_0523e771f556.slice,,aks-agentpool-16759353-vmss000007,cadvisor,,azure-store,product-service-6f9df459d6-q6g4r,1747371600,0.0000012716344740451955
aks-sk-aks-eus2-dev,,total,/kubepods.slice/kubepods-burstable.slice/kubepods-burstable-pod9ad615d7_18a7_4a20_8dd2_946991ce05a3.slice/cri-containerd-8cc3938d8bf582f4684c58d1e2eff2185236059891c8ff4f9a584b80950b2183.scope,mcr.microsoft.com/oss/kubernetes/pause:3.6,aks-agentpool-16759353-vmss000001,cadvisor,8cc3938d8bf582f4684c58d1e2eff2185236059891c8ff4f9a584b80950b2183,azure-store,product-service-6f9df459d6-vvtn6,1746507600,0
aks-sk-aks-eus2-dev,,total,/kubepods.slice/kubepods-burstable.slice/kubepods-burstable-pod9ad615d7_18a7_4a20_8dd2_946991ce05a3.slice/cri-containerd-8cc3938d8bf582f4684c58d1e2eff2185236059891c8ff4f9a584b80950b2183.scope,mcr.microsoft.com/oss/kubernetes/pause:3.6,aks-agentpool-16759353-vmss000001,cadvisor,8cc3938d8bf582f4684c58d1e2eff2185236059891c8ff4f9a584b80950b2183,azure-store,product-service-6f9df459d6-vvtn6,1746594000,0
aks-sk-aks-eus2-dev,,total,/kubepods.slice/kubepods-burstable.slice/kubepods-burstable-pod9ad615d7_18a7_4a20_8dd2_946991ce05a3.slice/cri-containerd-8cc3938d8bf582f4684c58d1e2eff2185236059891c8ff4f9a584b80950b2183.scope,mcr.microsoft.com/oss/kubernetes/pause:3.6,aks-agentpool-16759353-vmss000001,cadvisor,8cc3938d8bf582f4684c58d1e2eff2185236059891c8ff4f9a584b80950b2183,azure-store,product-service-6f9df459d6-vvtn6,1746680400,0
aks-sk-aks-eus2-dev,,total,/kubepods.slice/kubepods-burstable.slice/kubepods-burstable-pod9ad615d7_18a7_4a20_8dd2_946991ce05a3.slice/cri-containerd-8cc3938d8bf582f4684c58d1e2eff2185236059891c8ff4f9a584b80950b2183.scope,mcr.microsoft.com/oss/kubernetes/pause:3.6,aks-agentpool-16759353-vmss000001,cadvisor,8cc3938d8bf582f4684c58d1e2eff2185236059891c8ff4f9a584b80950b2183,azure-store,product-service-6f9df459d6-vvtn6,1746766800,0
aks-sk-aks-eus2-dev,,total,/kubepods.slice/kubepods-burstable.slice/kubepods-burstable-pod9ad615d7_18a7_4a20_8dd2_946991ce05a3.slice/cri-containerd-8cc3938d8bf582f4684c58d1e2eff2185236059891c8ff4f9a584b80950b2183.scope,mcr.microsoft.com/oss/kubernetes/pause:3.6,aks-agentpool-16759353-vmss000001,cadvisor,8cc3938d8bf582f4684c58d1e2eff2185236059891c8ff4f9a584b80950b2183,azure-store,product-service-6f9df459d6-vvtn6,1746853200,0
aks-sk-aks-eus2-dev,,total,/kubepods.slice/kubepods-burstable.slice/kubepods-burstable-pod9ad615d7_18a7_4a20_8dd2_946991ce05a3.slice/cri-containerd-8cc3938d8bf582f4684c58d1e2eff2185236059891c8ff4f9a584b80950b2183.scope,mcr.microsoft.com/oss/kubernetes/pause:3.6,aks-agentpool-16759353-vmss000001,cadvisor,8cc3938d8bf582f4684c58d1e2eff2185236059891c8ff4f9a584b80950b2183,azure-store,product-service-6f9df459d6-vvtn6,1746939600,0
aks-sk-aks-eus2-dev,,total,/kubepods.slice/kubepods-burstable.slice/kubepods-burstable-pod9ad615d7_18a7_4a20_8dd2_946991ce05a3.slice/cri-containerd-8cc3938d8bf582f4684c58d1e2eff2185236059891c8ff4f9a584b80950b2183.scope,mcr.microsoft.com/oss/kubernetes/pause:3.6,aks-agentpool-16759353-vmss000001,cadvisor,8cc3938d8bf582f4684c58d1e2eff2185236059891c8ff4f9a584b80950b2183,azure-store,product-service-6f9df459d6-vvtn6,1747026000,0
aks-sk-aks-eus2-dev,,total,/kubepods.slice/kubepods-burstable.slice/kubepods-burstable-pod9ad615d7_18a7_4a20_8dd2_946991ce05a3.slice/cri-containerd-8cc3938d8bf582f4684c58d1e2eff2185236059891c8ff4f9a584b80950b2183.scope,mcr.microsoft.com/oss/kubernetes/pause:3.6,aks-agentpool-16759353-vmss000001,cadvisor,8cc3938d8bf582f4684c58d1e2eff2185236059891c8ff4f9a584b80950b2183,azure-store,product-service-6f9df459d6-vvtn6,1747112400,0
aks-sk-aks-eus2-dev,,total,/kubepods.slice/kubepods-burstable.slice/kubepods-burstable-pod9ad615d7_18a7_4a20_8dd2_946991ce05a3.slice/cri-containerd-8cc3938d8bf582f4684c58d1e2eff2185236059891c8ff4f9a584b80950b2183.scope,mcr.microsoft.com/oss/kubernetes/pause:3.6,aks-agentpool-16759353-vmss000001,cadvisor,8cc3938d8bf582f4684c58d1e2eff2185236059891c8ff4f9a584b80950b2183,azure-store,product-service-6f9df459d6-vvtn6,1747198800,0
aks-sk-aks-eus2-dev,,total,/kubepods.slice/kubepods-burstable.slice/kubepods-burstable-pod9ad615d7_18a7_4a20_8dd2_946991ce05a3.slice/cri-containerd-8cc3938d8bf582f4684c58d1e2eff2185236059891c8ff4f9a584b80950b2183.scope,mcr.microsoft.com/oss/kubernetes/pause:3.6,aks-agentpool-16759353-vmss000001,cadvisor,8cc3938d8bf582f4684c58d1e2eff2185236059891c8ff4f9a584b80950b2183,azure-store,product-service-6f9df459d6-vvtn6,1747285200,0
aks-sk-aks-eus2-dev,,total,/kubepods.slice/kubepods-burstable.slice/kubepods-burstable-pod9ad615d7_18a7_4a20_8dd2_946991ce05a3.slice/cri-containerd-8cc3938d8bf582f4684c58d1e2eff2185236059891c8ff4f9a584b80950b2183.scope,mcr.microsoft.com/oss/kubernetes/pause:3.6,aks-agentpool-16759353-vmss000001,cadvisor,8cc3938d8bf582f4684c58d1e2eff2185236059891c8ff4f9a584b80950b2183,azure-store,product-service-6f9df459d6-vvtn6,1747371600,0
aks-sk-aks-eus2-dev,,total,/kubepods.slice/kubepods-burstable.slice/kubepods-burstable-pod9ad615d7_18a7_4a20_8dd2_946991ce05a3.slice,,aks-agentpool-16759353-vmss000001,cadvisor,,azure-store,product-service-6f9df459d6-vvtn6,1746507600,0.0000006258398101312242
aks-sk-aks-eus2-dev,,total,/kubepods.slice/kubepods-burstable.slice/kubepods-burstable-pod9ad615d7_18a7_4a20_8dd2_946991ce05a3.slice,,aks-agentpool-16759353-vmss000001,cadvisor,,azure-store,product-service-6f9df459d6-vvtn6,1746594000,0.0000008644325654162127
aks-sk-aks-eus2-dev,,total,/kubepods.slice/kubepods-burstable.slice/kubepods-burstable-pod9ad615d7_18a7_4a20_8dd2_946991ce05a3.slice,,aks-agentpool-16759353-vmss000001,cadvisor,,azure-store,product-service-6f9df459d6-vvtn6,1746680400,0.0000008644325654162127
aks-sk-aks-eus2-dev,,total,/kubepods.slice/kubepods-burstable.slice/kubepods-burstable-pod9ad615d7_18a7_4a20_8dd2_946991ce05a3.slice,,aks-agentpool-16759353-vmss000001,cadvisor,,azure-store,product-service-6f9df459d6-vvtn6,1746766800,0.0000008644325654162127
aks-sk-aks-eus2-dev,,total,/kubepods.slice/kubepods-burstable.slice/kubepods-burstable-pod9ad615d7_18a7_4a20_8dd2_946991ce05a3.slice,,aks-agentpool-16759353-vmss000001,cadvisor,,azure-store,product-service-6f9df459d6-vvtn6,1746853200,0.0000008644325654162127
aks-sk-aks-eus2-dev,,total,/kubepods.slice/kubepods-burstable.slice/kubepods-burstable-pod9ad615d7_18a7_4a20_8dd2_946991ce05a3.slice,,aks-agentpool-16759353-vmss000001,cadvisor,,azure-store,product-service-6f9df459d6-vvtn6,1746939600,0.0000008644325654162127
aks-sk-aks-eus2-dev,,total,/kubepods.slice/kubepods-burstable.slice/kubepods-burstable-pod9ad615d7_18a7_4a20_8dd2_946991ce05a3.slice,,aks-agentpool-16759353-vmss000001,cadvisor,,azure-store,product-service-6f9df459d6-vvtn6,1747026000,0.0000008644325654162127
aks-sk-aks-eus2-dev,,total,/kubepods.slice/kubepods-burstable.slice/kubepods-burstable-pod9ad615d7_18a7_4a20_8dd2_946991ce05a3.slice,,aks-agentpool-16759353-vmss000001,cadvisor,,azure-store,product-service-6f9df459d6-vvtn6,1747112400,0.0000008644325654162127
aks-sk-aks-eus2-dev,,total,/kubepods.slice/kubepods-burstable.slice/kubepods-burstable-pod9ad615d7_18a7_4a20_8dd2_946991ce05a3.slice,,aks-agentpool-16759353-vmss000001,cadvisor,,azure-store,product-service-6f9df459d6-vvtn6,1747198800,0.0000008644325654162127
aks-sk-aks-eus2-dev,,total,/kubepods.slice/kubepods-burstable.slice/kubepods-burstable-pod9ad615d7_18a7_4a20_8dd2_946991ce05a3.slice,,aks-agentpool-16759353-vmss000001,cadvisor,,azure-store,product-service-6f9df459d6-vvtn6,1747285200,0.0000008644325654162127
aks-sk-aks-eus2-dev,,total,/kubepods.slice/kubepods-burstable.slice/kubepods-burstable-pod9ad615d7_18a7_4a20_8dd2_946991ce05a3.slice,,aks-agentpool-16759353-vmss000001,cadvisor,,azure-store,product-service-6f9df459d6-vvtn6,1747371600,0.0000008644325654162127
aks-sk-aks-eus2-dev,,total,/kubepods.slice/kubepods-burstable.slice/kubepods-burstable-poda769ecf1_e20f_40e9_9612_f299d70f979c.slice/cri-containerd-3db96bd4e3d98c89e9dc56b4688745af267aca02ff75fffa5788e7f86edfedfe.scope,mcr.microsoft.com/oss/kubernetes/pause:3.6,aks-agentpool-16759353-vmss000003,cadvisor,3db96bd4e3d98c89e9dc56b4688745af267aca02ff75fffa5788e7f86edfedfe,azure-store,store-front-6d979fbc7c-jhv6g,1746594000,0
aks-sk-aks-eus2-dev,,total,/kubepods.slice/kubepods-burstable.slice/kubepods-burstable-poda769ecf1_e20f_40e9_9612_f299d70f979c.slice/cri-containerd-3db96bd4e3d98c89e9dc56b4688745af267aca02ff75fffa5788e7f86edfedfe.scope,mcr.microsoft.com/oss/kubernetes/pause:3.6,aks-agentpool-16759353-vmss000003,cadvisor,3db96bd4e3d98c89e9dc56b4688745af267aca02ff75fffa5788e7f86edfedfe,azure-store,store-front-6d979fbc7c-jhv6g,1746680400,0
aks-sk-aks-eus2-dev,,total,/kubepods.slice/kubepods-burstable.slice/kubepods-burstable-poda769ecf1_e20f_40e9_9612_f299d70f979c.slice/cri-containerd-3db96bd4e3d98c89e9dc56b4688745af267aca02ff75fffa5788e7f86edfedfe.scope,mcr.microsoft.com/oss/kubernetes/pause:3.6,aks-agentpool-16759353-vmss000003,cadvisor,3db96bd4e3d98c89e9dc56b4688745af267aca02ff75fffa5788e7f86edfedfe,azure-store,store-front-6d979fbc7c-jhv6g,1746766800,0
aks-sk-aks-eus2-dev,,total,/kubepods.slice/kubepods-burstable.slice/kubepods-burstable-poda769ecf1_e20f_40e9_9612_f299d70f979c.slice/cri-containerd-3db96bd4e3d98c89e9dc56b4688745af267aca02ff75fffa5788e7f86edfedfe.scope,mcr.microsoft.com/oss/kubernetes/pause:3.6,aks-agentpool-16759353-vmss000003,cadvisor,3db96bd4e3d98c89e9dc56b4688745af267aca02ff75fffa5788e7f86edfedfe,azure-store,store-front-6d979fbc7c-jhv6g,1746853200,0
aks-sk-aks-eus2-dev,,total,/kubepods.slice/kubepods-burstable.slice/kubepods-burstable-poda769ecf1_e20f_40e9_9612_f299d70f979c.slice/cri-containerd-3db96bd4e3d98c89e9dc56b4688745af267aca02ff75fffa5788e7f86edfedfe.scope,mcr.microsoft.com/oss/kubernetes/pause:3.6,aks-agentpool-16759353-vmss000003,cadvisor,3db96bd4e3d98c89e9dc56b4688745af267aca02ff75fffa5788e7f86edfedfe,azure-store,store-front-6d979fbc7c-jhv6g,1746939600,0
aks-sk-aks-eus2-dev,,total,/kubepods.slice/kubepods-burstable.slice/kubepods-burstable-poda769ecf1_e20f_40e9_9612_f299d70f979c.slice/cri-containerd-3db96bd4e3d98c89e9dc56b4688745af267aca02ff75fffa5788e7f86edfedfe.scope,mcr.microsoft.com/oss/kubernetes/pause:3.6,aks-agentpool-16759353-vmss000003,cadvisor,3db96bd4e3d98c89e9dc56b4688745af267aca02ff75fffa5788e7f86edfedfe,azure-store,store-front-6d979fbc7c-jhv6g,1747026000,0
aks-sk-aks-eus2-dev,,total,/kubepods.slice/kubepods-burstable.slice/kubepods-burstable-poda769ecf1_e20f_40e9_9612_f299d70f979c.slice/cri-containerd-3db96bd4e3d98c89e9dc56b4688745af267aca02ff75fffa5788e7f86edfedfe.scope,mcr.microsoft.com/oss/kubernetes/pause:3.6,aks-agentpool-16759353-vmss000003,cadvisor,3db96bd4e3d98c89e9dc56b4688745af267aca02ff75fffa5788e7f86edfedfe,azure-store,store-front-6d979fbc7c-jhv6g,1747112400,0
aks-sk-aks-eus2-dev,,total,/kubepods.slice/kubepods-burstable.slice/kubepods-burstable-poda769ecf1_e20f_40e9_9612_f299d70f979c.slice/cri-containerd-3db96bd4e3d98c89e9dc56b4688745af267aca02ff75fffa5788e7f86edfedfe.scope,mcr.microsoft.com/oss/kubernetes/pause:3.6,aks-agentpool-16759353-vmss000003,cadvisor,3db96bd4e3d98c89e9dc56b4688745af267aca02ff75fffa5788e7f86edfedfe,azure-store,store-front-6d979fbc7c-jhv6g,1747198800,0
aks-sk-aks-eus2-dev,,total,/kubepods.slice/kubepods-burstable.slice/kubepods-burstable-poda769ecf1_e20f_40e9_9612_f299d70f979c.slice/cri-containerd-3db96bd4e3d98c89e9dc56b4688745af267aca02ff75fffa5788e7f86edfedfe.scope,mcr.microsoft.com/oss/kubernetes/pause:3.6,aks-agentpool-16759353-vmss000003,cadvisor,3db96bd4e3d98c89e9dc56b4688745af267aca02ff75fffa5788e7f86edfedfe,azure-store,store-front-6d979fbc7c-jhv6g,1747285200,0
aks-sk-aks-eus2-dev,,total,/kubepods.slice/kubepods-burstable.slice/kubepods-burstable-poda769ecf1_e20f_40e9_9612_f299d70f979c.slice/cri-containerd-3db96bd4e3d98c89e9dc56b4688745af267aca02ff75fffa5788e7f86edfedfe.scope,mcr.microsoft.com/oss/kubernetes/pause:3.6,aks-agentpool-16759353-vmss000003,cadvisor,3db96bd4e3d98c89e9dc56b4688745af267aca02ff75fffa5788e7f86edfedfe,azure-store,store-front-6d979fbc7c-jhv6g,1747371600,0
aks-sk-aks-eus2-dev,,total,/kubepods.slice/kubepods-burstable.slice/kubepods-burstable-poda769ecf1_e20f_40e9_9612_f299d70f979c.slice,,aks-agentpool-16759353-vmss000003,cadvisor,,azure-store,store-front-6d979fbc7c-jhv6g,1746594000,0.0000004295933112545289
aks-sk-aks-eus2-dev,,total,/kubepods.slice/kubepods-burstable.slice/kubepods-burstable-poda769ecf1_e20f_40e9_9612_f299d70f979c.slice,,aks-agentpool-16759353-vmss000003,cadvisor,,azure-store,store-front-6d979fbc7c-jhv6g,1746680400,0.0000004295933112545289
aks-sk-aks-eus2-dev,,total,/kubepods.slice/kubepods-burstable.slice/kubepods-burstable-poda769ecf1_e20f_40e9_9612_f299d70f979c.slice,,aks-agentpool-16759353-vmss000003,cadvisor,,azure-store,store-front-6d979fbc7c-jhv6g,1746766800,0.0000004295933112545289
aks-sk-aks-eus2-dev,,total,/kubepods.slice/kubepods-burstable.slice/kubepods-burstable-poda769ecf1_e20f_40e9_9612_f299d70f979c.slice,,aks-agentpool-16759353-vmss000003,cadvisor,,azure-store,store-front-6d979fbc7c-jhv6g,1746853200,0.0000004295933112545289
aks-sk-aks-eus2-dev,,total,/kubepods.slice/kubepods-burstable.slice/kubepods-burstable-poda769ecf1_e20f_40e9_9612_f299d70f979c.slice,,aks-agentpool-16759353-vmss000003,cadvisor,,azure-store,store-front-6d979fbc7c-jhv6g,1746939600,0.0000004295933112545289
aks-sk-aks-eus2-dev,,total,/kubepods.slice/kubepods-burstable.slice/kubepods-burstable-poda769ecf1_e20f_40e9_9612_f299d70f979c.slice,,aks-agentpool-16759353-vmss000003,cadvisor,,azure-store,store-front-6d979fbc7c-jhv6g,1747026000,0.0000004295933112545289
aks-sk-aks-eus2-dev,,total,/kubepods.slice/kubepods-burstable.slice/kubepods-burstable-poda769ecf1_e20f_40e9_9612_f299d70f979c.slice,,aks-agentpool-16759353-vmss000003,cadvisor,,azure-store,store-front-6d979fbc7c-jhv6g,1747112400,0.0000004295933112545289
aks-sk-aks-eus2-dev,,total,/kubepods.slice/kubepods-burstable.slice/kubepods-burstable-poda769ecf1_e20f_40e9_9612_f299d70f979c.slice,,aks-agentpool-16759353-vmss000003,cadvisor,,azure-store,store-front-6d979fbc7c-jhv6g,1747198800,0.0000004295933112545289
aks-sk-aks-eus2-dev,,total,/kubepods.slice/kubepods-burstable.slice/kubepods-burstable-poda769ecf1_e20f_40e9_9612_f299d70f979c.slice,,aks-agentpool-16759353-vmss000003,cadvisor,,azure-store,store-front-6d979fbc7c-jhv6g,1747285200,0.0000004295933112545289
aks-sk-aks-eus2-dev,,total,/kubepods.slice/kubepods-burstable.slice/kubepods-burstable-poda769ecf1_e20f_40e9_9612_f299d70f979c.slice,,aks-agentpool-16759353-vmss000003,cadvisor,,azure-store,store-front-6d979fbc7c-jhv6g,1747371600,0.0000004295933112545289
aks-sk-aks-eus2-dev,,total,/kubepods.slice/kubepods-burstable.slice/kubepods-burstable-podb83db49f_edba_47a1_8a3f_fbf0547b235c.slice/cri-containerd-141df5a0932c767e578a6600d4c1615806c12c36a455c4ea8a296ee2a2022977.scope,mcr.microsoft.com/oss/kubernetes/pause:3.6,aks-agentpool-16759353-vmss000009,cadvisor,141df5a0932c767e578a6600d4c1615806c12c36a455c4ea8a296ee2a2022977,azure-store,rabbitmq-5dd7b7f876-zqr4b,1746766800,0
aks-sk-aks-eus2-dev,,total,/kubepods.slice/kubepods-burstable.slice/kubepods-burstable-podb83db49f_edba_47a1_8a3f_fbf0547b235c.slice/cri-containerd-141df5a0932c767e578a6600d4c1615806c12c36a455c4ea8a296ee2a2022977.scope,mcr.microsoft.com/oss/kubernetes/pause:3.6,aks-agentpool-16759353-vmss000009,cadvisor,141df5a0932c767e578a6600d4c1615806c12c36a455c4ea8a296ee2a2022977,azure-store,rabbitmq-5dd7b7f876-zqr4b,1746853200,0
aks-sk-aks-eus2-dev,,total,/kubepods.slice/kubepods-burstable.slice/kubepods-burstable-podb83db49f_edba_47a1_8a3f_fbf0547b235c.slice/cri-containerd-141df5a0932c767e578a6600d4c1615806c12c36a455c4ea8a296ee2a2022977.scope,mcr.microsoft.com/oss/kubernetes/pause:3.6,aks-agentpool-16759353-vmss000009,cadvisor,141df5a0932c767e578a6600d4c1615806c12c36a455c4ea8a296ee2a2022977,azure-store,rabbitmq-5dd7b7f876-zqr4b,1746939600,0
aks-sk-aks-eus2-dev,,total,/kubepods.slice/kubepods-burstable.slice/kubepods-burstable-podb83db49f_edba_47a1_8a3f_fbf0547b235c.slice/cri-containerd-141df5a0932c767e578a6600d4c1615806c12c36a455c4ea8a296ee2a2022977.scope,mcr.microsoft.com/oss/kubernetes/pause:3.6,aks-agentpool-16759353-vmss000009,cadvisor,141df5a0932c767e578a6600d4c1615806c12c36a455c4ea8a296ee2a2022977,azure-store,rabbitmq-5dd7b7f876-zqr4b,1747026000,0
aks-sk-aks-eus2-dev,,total,/kubepods.slice/kubepods-burstable.slice/kubepods-burstable-podb83db49f_edba_47a1_8a3f_fbf0547b235c.slice/cri-containerd-141df5a0932c767e578a6600d4c1615806c12c36a455c4ea8a296ee2a2022977.scope,mcr.microsoft.com/oss/kubernetes/pause:3.6,aks-agentpool-16759353-vmss000009,cadvisor,141df5a0932c767e578a6600d4c1615806c12c36a455c4ea8a296ee2a2022977,azure-store,rabbitmq-5dd7b7f876-zqr4b,1747112400,0
aks-sk-aks-eus2-dev,,total,/kubepods.slice/kubepods-burstable.slice/kubepods-burstable-podb83db49f_edba_47a1_8a3f_fbf0547b235c.slice/cri-containerd-141df5a0932c767e578a6600d4c1615806c12c36a455c4ea8a296ee2a2022977.scope,mcr.microsoft.com/oss/kubernetes/pause:3.6,aks-agentpool-16759353-vmss000009,cadvisor,141df5a0932c767e578a6600d4c1615806c12c36a455c4ea8a296ee2a2022977,azure-store,rabbitmq-5dd7b7f876-zqr4b,1747198800,0
aks-sk-aks-eus2-dev,,total,/kubepods.slice/kubepods-burstable.slice/kubepods-burstable-podb83db49f_edba_47a1_8a3f_fbf0547b235c.slice/cri-containerd-141df5a0932c767e578a6600d4c1615806c12c36a455c4ea8a296ee2a2022977.scope,mcr.microsoft.com/oss/kubernetes/pause:3.6,aks-agentpool-16759353-vmss000009,cadvisor,141df5a0932c767e578a6600d4c1615806c12c36a455c4ea8a296ee2a2022977,azure-store,rabbitmq-5dd7b7f876-zqr4b,1747285200,0
aks-sk-aks-eus2-dev,,total,/kubepods.slice/kubepods-burstable.slice/kubepods-burstable-podb83db49f_edba_47a1_8a3f_fbf0547b235c.slice/cri-containerd-141df5a0932c767e578a6600d4c1615806c12c36a455c4ea8a296ee2a2022977.scope,mcr.microsoft.com/oss/kubernetes/pause:3.6,aks-agentpool-16759353-vmss000009,cadvisor,141df5a0932c767e578a6600d4c1615806c12c36a455c4ea8a296ee2a2022977,azure-store,rabbitmq-5dd7b7f876-zqr4b,1747371600,0
aks-sk-aks-eus2-dev,,total,/kubepods.slice/kubepods-burstable.slice/kubepods-burstable-podb83db49f_edba_47a1_8a3f_fbf0547b235c.slice,,aks-agentpool-16759353-vmss000009,cadvisor,,azure-store,rabbitmq-5dd7b7f876-zqr4b,1746766800,0.00006673134683438063
aks-sk-aks-eus2-dev,,total,/kubepods.slice/kubepods-burstable.slice/kubepods-burstable-podb83db49f_edba_47a1_8a3f_fbf0547b235c.slice,,aks-agentpool-16759353-vmss000009,cadvisor,,azure-store,rabbitmq-5dd7b7f876-zqr4b,1746853200,0.00006673134683438063
aks-sk-aks-eus2-dev,,total,/kubepods.slice/kubepods-burstable.slice/kubepods-burstable-podb83db49f_edba_47a1_8a3f_fbf0547b235c.slice,,aks-agentpool-16759353-vmss000009,cadvisor,,azure-store,rabbitmq-5dd7b7f876-zqr4b,1746939600,0.00006673134683438063
aks-sk-aks-eus2-dev,,total,/kubepods.slice/kubepods-burstable.slice/kubepods-burstable-podb83db49f_edba_47a1_8a3f_fbf0547b235c.slice,,aks-agentpool-16759353-vmss000009,cadvisor,,azure-store,rabbitmq-5dd7b7f876-zqr4b,1747026000,0.00006673134683438063
aks-sk-aks-eus2-dev,,total,/kubepods.slice/kubepods-burstable.slice/kubepods-burstable-podb83db49f_edba_47a1_8a3f_fbf0547b235c.slice,,aks-agentpool-16759353-vmss000009,cadvisor,,azure-store,rabbitmq-5dd7b7f876-zqr4b,1747112400,0.00006673134683438063
aks-sk-aks-eus2-dev,,total,/kubepods.slice/kubepods-burstable.slice/kubepods-burstable-podb83db49f_edba_47a1_8a3f_fbf0547b235c.slice,,aks-agentpool-16759353-vmss000009,cadvisor,,azure-store,rabbitmq-5dd7b7f876-zqr4b,1747198800,0.00006673134683438063
aks-sk-aks-eus2-dev,,total,/kubepods.slice/kubepods-burstable.slice/kubepods-burstable-podb83db49f_edba_47a1_8a3f_fbf0547b235c.slice,,aks-agentpool-16759353-vmss000009,cadvisor,,azure-store,rabbitmq-5dd7b7f876-zqr4b,1747285200,0.00006673134683438063
aks-sk-aks-eus2-dev,,total,/kubepods.slice/kubepods-burstable.slice/kubepods-burstable-podb83db49f_edba_47a1_8a3f_fbf0547b235c.slice,,aks-agentpool-16759353-vmss000009,cadvisor,,azure-store,rabbitmq-5dd7b7f876-zqr4b,1747371600,0.00006673134683438063
aks-sk-aks-eus2-dev,,total,/kubepods.slice/kubepods-burstable.slice/kubepods-burstable-podc37dbe5d_7a9b_4bc7_a5b4_5c4608f1f7a8.slice/cri-containerd-97181a072648a5322f5b97c7ecb675576fd1845416fb8c6d9b44fca1dfc94542.scope,mcr.microsoft.com/oss/kubernetes/pause:3.6,aks-agentpool-16759353-vmss000005,cadvisor,97181a072648a5322f5b97c7ecb675576fd1845416fb8c6d9b44fca1dfc94542,azure-store,rabbitmq-5dd7b7f876-82lxx,1746594000,0
aks-sk-aks-eus2-dev,,total,/kubepods.slice/kubepods-burstable.slice/kubepods-burstable-podc37dbe5d_7a9b_4bc7_a5b4_5c4608f1f7a8.slice/cri-containerd-97181a072648a5322f5b97c7ecb675576fd1845416fb8c6d9b44fca1dfc94542.scope,mcr.microsoft.com/oss/kubernetes/pause:3.6,aks-agentpool-16759353-vmss000005,cadvisor,97181a072648a5322f5b97c7ecb675576fd1845416fb8c6d9b44fca1dfc94542,azure-store,rabbitmq-5dd7b7f876-82lxx,1746680400,0
aks-sk-aks-eus2-dev,,total,/kubepods.slice/kubepods-burstable.slice/kubepods-burstable-podc37dbe5d_7a9b_4bc7_a5b4_5c4608f1f7a8.slice/cri-containerd-97181a072648a5322f5b97c7ecb675576fd1845416fb8c6d9b44fca1dfc94542.scope,mcr.microsoft.com/oss/kubernetes/pause:3.6,aks-agentpool-16759353-vmss000005,cadvisor,97181a072648a5322f5b97c7ecb675576fd1845416fb8c6d9b44fca1dfc94542,azure-store,rabbitmq-5dd7b7f876-82lxx,1746766800,0
aks-sk-aks-eus2-dev,,total,/kubepods.slice/kubepods-burstable.slice/kubepods-burstable-podc37dbe5d_7a9b_4bc7_a5b4_5c4608f1f7a8.slice/cri-containerd-97181a072648a5322f5b97c7ecb675576fd1845416fb8c6d9b44fca1dfc94542.scope,mcr.microsoft.com/oss/kubernetes/pause:3.6,aks-agentpool-16759353-vmss000005,cadvisor,97181a072648a5322f5b97c7ecb675576fd1845416fb8c6d9b44fca1dfc94542,azure-store,rabbitmq-5dd7b7f876-82lxx,1746853200,0
aks-sk-aks-eus2-dev,,total,/kubepods.slice/kubepods-burstable.slice/kubepods-burstable-podc37dbe5d_7a9b_4bc7_a5b4_5c4608f1f7a8.slice/cri-containerd-97181a072648a5322f5b97c7ecb675576fd1845416fb8c6d9b44fca1dfc94542.scope,mcr.microsoft.com/oss/kubernetes/pause:3.6,aks-agentpool-16759353-vmss000005,cadvisor,97181a072648a5322f5b97c7ecb675576fd1845416fb8c6d9b44fca1dfc94542,azure-store,rabbitmq-5dd7b7f876-82lxx,1746939600,0
aks-sk-aks-eus2-dev,,total,/kubepods.slice/kubepods-burstable.slice/kubepods-burstable-podc37dbe5d_7a9b_4bc7_a5b4_5c4608f1f7a8.slice/cri-containerd-97181a072648a5322f5b97c7ecb675576fd1845416fb8c6d9b44fca1dfc94542.scope,mcr.microsoft.com/oss/kubernetes/pause:3.6,aks-agentpool-16759353-vmss000005,cadvisor,97181a072648a5322f5b97c7ecb675576fd1845416fb8c6d9b44fca1dfc94542,azure-store,rabbitmq-5dd7b7f876-82lxx,1747026000,0
aks-sk-aks-eus2-dev,,total,/kubepods.slice/kubepods-burstable.slice/kubepods-burstable-podc37dbe5d_7a9b_4bc7_a5b4_5c4608f1f7a8.slice/cri-containerd-97181a072648a5322f5b97c7ecb675576fd1845416fb8c6d9b44fca1dfc94542.scope,mcr.microsoft.com/oss/kubernetes/pause:3.6,aks-agentpool-16759353-vmss000005,cadvisor,97181a072648a5322f5b97c7ecb675576fd1845416fb8c6d9b44fca1dfc94542,azure-store,rabbitmq-5dd7b7f876-82lxx,1747112400,0
aks-sk-aks-eus2-dev,,total,/kubepods.slice/kubepods-burstable.slice/kubepods-burstable-podc37dbe5d_7a9b_4bc7_a5b4_5c4608f1f7a8.slice/cri-containerd-97181a072648a5322f5b97c7ecb675576fd1845416fb8c6d9b44fca1dfc94542.scope,mcr.microsoft.com/oss/kubernetes/pause:3.6,aks-agentpool-16759353-vmss000005,cadvisor,97181a072648a5322f5b97c7ecb675576fd1845416fb8c6d9b44fca1dfc94542,azure-store,rabbitmq-5dd7b7f876-82lxx,1747198800,0
aks-sk-aks-eus2-dev,,total,/kubepods.slice/kubepods-burstable.slice/kubepods-burstable-podc37dbe5d_7a9b_4bc7_a5b4_5c4608f1f7a8.slice/cri-containerd-97181a072648a5322f5b97c7ecb675576fd1845416fb8c6d9b44fca1dfc94542.scope,mcr.microsoft.com/oss/kubernetes/pause:3.6,aks-agentpool-16759353-vmss000005,cadvisor,97181a072648a5322f5b97c7ecb675576fd1845416fb8c6d9b44fca1dfc94542,azure-store,rabbitmq-5dd7b7f876-82lxx,1747285200,0
aks-sk-aks-eus2-dev,,total,/kubepods.slice/kubepods-burstable.slice/kubepods-burstable-podc37dbe5d_7a9b_4bc7_a5b4_5c4608f1f7a8.slice/cri-containerd-97181a072648a5322f5b97c7ecb675576fd1845416fb8c6d9b44fca1dfc94542.scope,mcr.microsoft.com/oss/kubernetes/pause:3.6,aks-agentpool-16759353-vmss000005,cadvisor,97181a072648a5322f5b97c7ecb675576fd1845416fb8c6d9b44fca1dfc94542,azure-store,rabbitmq-5dd7b7f876-82lxx,1747371600,0
aks-sk-aks-eus2-dev,,total,/kubepods.slice/kubepods-burstable.slice/kubepods-burstable-podc37dbe5d_7a9b_4bc7_a5b4_5c4608f1f7a8.slice,,aks-agentpool-16759353-vmss000005,cadvisor,,azure-store,rabbitmq-5dd7b7f876-82lxx,1746594000,0.000003446025216180064
aks-sk-aks-eus2-dev,,total,/kubepods.slice/kubepods-burstable.slice/kubepods-burstable-podc37dbe5d_7a9b_4bc7_a5b4_5c4608f1f7a8.slice,,aks-agentpool-16759353-vmss000005,cadvisor,,azure-store,rabbitmq-5dd7b7f876-82lxx,1746680400,0.000010585681161446684
aks-sk-aks-eus2-dev,,total,/kubepods.slice/kubepods-burstable.slice/kubepods-burstable-podc37dbe5d_7a9b_4bc7_a5b4_5c4608f1f7a8.slice,,aks-agentpool-16759353-vmss000005,cadvisor,,azure-store,rabbitmq-5dd7b7f876-82lxx,1746766800,0.000010585681161446684
aks-sk-aks-eus2-dev,,total,/kubepods.slice/kubepods-burstable.slice/kubepods-burstable-podc37dbe5d_7a9b_4bc7_a5b4_5c4608f1f7a8.slice,,aks-agentpool-16759353-vmss000005,cadvisor,,azure-store,rabbitmq-5dd7b7f876-82lxx,1746853200,0.000010585681161446684
aks-sk-aks-eus2-dev,,total,/kubepods.slice/kubepods-burstable.slice/kubepods-burstable-podc37dbe5d_7a9b_4bc7_a5b4_5c4608f1f7a8.slice,,aks-agentpool-16759353-vmss000005,cadvisor,,azure-store,rabbitmq-5dd7b7f876-82lxx,1746939600,0.000010585681161446684
aks-sk-aks-eus2-dev,,total,/kubepods.slice/kubepods-burstable.slice/kubepods-burstable-podc37dbe5d_7a9b_4bc7_a5b4_5c4608f1f7a8.slice,,aks-agentpool-16759353-vmss000005,cadvisor,,azure-store,rabbitmq-5dd7b7f876-82lxx,1747026000,0.000010585681161446684
aks-sk-aks-eus2-dev,,total,/kubepods.slice/kubepods-burstable.slice/kubepods-burstable-podc37dbe5d_7a9b_4bc7_a5b4_5c4608f1f7a8.slice,,aks-agentpool-16759353-vmss000005,cadvisor,,azure-store,rabbitmq-5dd7b7f876-82lxx,1747112400,0.000010585681161446684
aks-sk-aks-eus2-dev,,total,/kubepods.slice/kubepods-burstable.slice/kubepods-burstable-podc37dbe5d_7a9b_4bc7_a5b4_5c4608f1f7a8.slice,,aks-agentpool-16759353-vmss000005,cadvisor,,azure-store,rabbitmq-5dd7b7f876-82lxx,1747198800,0.000010585681161446684
aks-sk-aks-eus2-dev,,total,/kubepods.slice/kubepods-burstable.slice/kubepods-burstable-podc37dbe5d_7a9b_4bc7_a5b4_5c4608f1f7a8.slice,,aks-agentpool-16759353-vmss000005,cadvisor,,azure-store,rabbitmq-5dd7b7f876-82lxx,1747285200,0.000010585681161446684
aks-sk-aks-eus2-dev,,total,/kubepods.slice/kubepods-burstable.slice/kubepods-burstable-podc37dbe5d_7a9b_4bc7_a5b4_5c4608f1f7a8.slice,,aks-agentpool-16759353-vmss000005,cadvisor,,azure-store,rabbitmq-5dd7b7f876-82lxx,1747371600,0.000010585681161446684
aks-sk-aks-eus2-dev,,total,/kubepods.slice/kubepods-burstable.slice/kubepods-burstable-podc3c55c37_94a1_4d3f_87c6_8b2d98679cb0.slice/cri-containerd-696fc003c1ed50958ca5de25735171e454c34a6816b17e56c3f8552aa5b5c32f.scope,mcr.microsoft.com/oss/kubernetes/pause:3.6,aks-agentpool-16759353-vmss000001,cadvisor,696fc003c1ed50958ca5de25735171e454c34a6816b17e56c3f8552aa5b5c32f,azure-store,order-service-5b6fbf9bcc-lkrhh,1746507600,0
aks-sk-aks-eus2-dev,,total,/kubepods.slice/kubepods-burstable.slice/kubepods-burstable-podc3c55c37_94a1_4d3f_87c6_8b2d98679cb0.slice/cri-containerd-696fc003c1ed50958ca5de25735171e454c34a6816b17e56c3f8552aa5b5c32f.scope,mcr.microsoft.com/oss/kubernetes/pause:3.6,aks-agentpool-16759353-vmss000001,cadvisor,696fc003c1ed50958ca5de25735171e454c34a6816b17e56c3f8552aa5b5c32f,azure-store,order-service-5b6fbf9bcc-lkrhh,1746594000,0
aks-sk-aks-eus2-dev,,total,/kubepods.slice/kubepods-burstable.slice/kubepods-burstable-podc3c55c37_94a1_4d3f_87c6_8b2d98679cb0.slice/cri-containerd-696fc003c1ed50958ca5de25735171e454c34a6816b17e56c3f8552aa5b5c32f.scope,mcr.microsoft.com/oss/kubernetes/pause:3.6,aks-agentpool-16759353-vmss000001,cadvisor,696fc003c1ed50958ca5de25735171e454c34a6816b17e56c3f8552aa5b5c32f,azure-store,order-service-5b6fbf9bcc-lkrhh,1746680400,0
aks-sk-aks-eus2-dev,,total,/kubepods.slice/kubepods-burstable.slice/kubepods-burstable-podc3c55c37_94a1_4d3f_87c6_8b2d98679cb0.slice/cri-containerd-696fc003c1ed50958ca5de25735171e454c34a6816b17e56c3f8552aa5b5c32f.scope,mcr.microsoft.com/oss/kubernetes/pause:3.6,aks-agentpool-16759353-vmss000001,cadvisor,696fc003c1ed50958ca5de25735171e454c34a6816b17e56c3f8552aa5b5c32f,azure-store,order-service-5b6fbf9bcc-lkrhh,1746766800,0
aks-sk-aks-eus2-dev,,total,/kubepods.slice/kubepods-burstable.slice/kubepods-burstable-podc3c55c37_94a1_4d3f_87c6_8b2d98679cb0.slice/cri-containerd-696fc003c1ed50958ca5de25735171e454c34a6816b17e56c3f8552aa5b5c32f.scope,mcr.microsoft.com/oss/kubernetes/pause:3.6,aks-agentpool-16759353-vmss000001,cadvisor,696fc003c1ed50958ca5de25735171e454c34a6816b17e56c3f8552aa5b5c32f,azure-store,order-service-5b6fbf9bcc-lkrhh,1746853200,0
aks-sk-aks-eus2-dev,,total,/kubepods.slice/kubepods-burstable.slice/kubepods-burstable-podc3c55c37_94a1_4d3f_87c6_8b2d98679cb0.slice/cri-containerd-696fc003c1ed50958ca5de25735171e454c34a6816b17e56c3f8552aa5b5c32f.scope,mcr.microsoft.com/oss/kubernetes/pause:3.6,aks-agentpool-16759353-vmss000001,cadvisor,696fc003c1ed50958ca5de25735171e454c34a6816b17e56c3f8552aa5b5c32f,azure-store,order-service-5b6fbf9bcc-lkrhh,1746939600,0
aks-sk-aks-eus2-dev,,total,/kubepods.slice/kubepods-burstable.slice/kubepods-burstable-podc3c55c37_94a1_4d3f_87c6_8b2d98679cb0.slice/cri-containerd-696fc003c1ed50958ca5de25735171e454c34a6816b17e56c3f8552aa5b5c32f.scope,mcr.microsoft.com/oss/kubernetes/pause:3.6,aks-agentpool-16759353-vmss000001,cadvisor,696fc003c1ed50958ca5de25735171e454c34a6816b17e56c3f8552aa5b5c32f,azure-store,order-service-5b6fbf9bcc-lkrhh,1747026000,0
aks-sk-aks-eus2-dev,,total,/kubepods.slice/kubepods-burstable.slice/kubepods-burstable-podc3c55c37_94a1_4d3f_87c6_8b2d98679cb0.slice/cri-containerd-696fc003c1ed50958ca5de25735171e454c34a6816b17e56c3f8552aa5b5c32f.scope,mcr.microsoft.com/oss/kubernetes/pause:3.6,aks-agentpool-16759353-vmss000001,cadvisor,696fc003c1ed50958ca5de25735171e454c34a6816b17e56c3f8552aa5b5c32f,azure-store,order-service-5b6fbf9bcc-lkrhh,1747112400,0
aks-sk-aks-eus2-dev,,total,/kubepods.slice/kubepods-burstable.slice/kubepods-burstable-podc3c55c37_94a1_4d3f_87c6_8b2d98679cb0.slice/cri-containerd-696fc003c1ed50958ca5de25735171e454c34a6816b17e56c3f8552aa5b5c32f.scope,mcr.microsoft.com/oss/kubernetes/pause:3.6,aks-agentpool-16759353-vmss000001,cadvisor,696fc003c1ed50958ca5de25735171e454c34a6816b17e56c3f8552aa5b5c32f,azure-store,order-service-5b6fbf9bcc-lkrhh,1747198800,0
aks-sk-aks-eus2-dev,,total,/kubepods.slice/kubepods-burstable.slice/kubepods-burstable-podc3c55c37_94a1_4d3f_87c6_8b2d98679cb0.slice/cri-containerd-696fc003c1ed50958ca5de25735171e454c34a6816b17e56c3f8552aa5b5c32f.scope,mcr.microsoft.com/oss/kubernetes/pause:3.6,aks-agentpool-16759353-vmss000001,cadvisor,696fc003c1ed50958ca5de25735171e454c34a6816b17e56c3f8552aa5b5c32f,azure-store,order-service-5b6fbf9bcc-lkrhh,1747285200,0
aks-sk-aks-eus2-dev,,total,/kubepods.slice/kubepods-burstable.slice/kubepods-burstable-podc3c55c37_94a1_4d3f_87c6_8b2d98679cb0.slice/cri-containerd-696fc003c1ed50958ca5de25735171e454c34a6816b17e56c3f8552aa5b5c32f.scope,mcr.microsoft.com/oss/kubernetes/pause:3.6,aks-agentpool-16759353-vmss000001,cadvisor,696fc003c1ed50958ca5de25735171e454c34a6816b17e56c3f8552aa5b5c32f,azure-store,order-service-5b6fbf9bcc-lkrhh,1747371600,0
aks-sk-aks-eus2-dev,,total,/kubepods.slice/kubepods-burstable.slice/kubepods-burstable-podc3c55c37_94a1_4d3f_87c6_8b2d98679cb0.slice,,aks-agentpool-16759353-vmss000001,cadvisor,,azure-store,order-service-5b6fbf9bcc-lkrhh,1746507600,0.00000043370724927004274
aks-sk-aks-eus2-dev,,total,/kubepods.slice/kubepods-burstable.slice/kubepods-burstable-podc3c55c37_94a1_4d3f_87c6_8b2d98679cb0.slice,,aks-agentpool-16759353-vmss000001,cadvisor,,azure-store,order-service-5b6fbf9bcc-lkrhh,1746594000,0.0000004396852341196896
aks-sk-aks-eus2-dev,,total,/kubepods.slice/kubepods-burstable.slice/kubepods-burstable-podc3c55c37_94a1_4d3f_87c6_8b2d98679cb0.slice,,aks-agentpool-16759353-vmss000001,cadvisor,,azure-store,order-service-5b6fbf9bcc-lkrhh,1746680400,0.0000004396852341196896
aks-sk-aks-eus2-dev,,total,/kubepods.slice/kubepods-burstable.slice/kubepods-burstable-podc3c55c37_94a1_4d3f_87c6_8b2d98679cb0.slice,,aks-agentpool-16759353-vmss000001,cadvisor,,azure-store,order-service-5b6fbf9bcc-lkrhh,1746766800,0.0000004396852341196896
aks-sk-aks-eus2-dev,,total,/kubepods.slice/kubepods-burstable.slice/kubepods-burstable-podc3c55c37_94a1_4d3f_87c6_8b2d98679cb0.slice,,aks-agentpool-16759353-vmss000001,cadvisor,,azure-store,order-service-5b6fbf9bcc-lkrhh,1746853200,0.0000004396852341196896
aks-sk-aks-eus2-dev,,total,/kubepods.slice/kubepods-burstable.slice/kubepods-burstable-podc3c55c37_94a1_4d3f_87c6_8b2d98679cb0.slice,,aks-agentpool-16759353-vmss000001,cadvisor,,azure-store,order-service-5b6fbf9bcc-lkrhh,1746939600,0.0000004396852341196896
aks-sk-aks-eus2-dev,,total,/kubepods.slice/kubepods-burstable.slice/kubepods-burstable-podc3c55c37_94a1_4d3f_87c6_8b2d98679cb0.slice,,aks-agentpool-16759353-vmss000001,cadvisor,,azure-store,order-service-5b6fbf9bcc-lkrhh,1747026000,0.0000004396852341196896
aks-sk-aks-eus2-dev,,total,/kubepods.slice/kubepods-burstable.slice/kubepods-burstable-podc3c55c37_94a1_4d3f_87c6_8b2d98679cb0.slice,,aks-agentpool-16759353-vmss000001,cadvisor,,azure-store,order-service-5b6fbf9bcc-lkrhh,1747112400,0.0000004396852341196896
aks-sk-aks-eus2-dev,,total,/kubepods.slice/kubepods-burstable.slice/kubepods-burstable-podc3c55c37_94a1_4d3f_87c6_8b2d98679cb0.slice,,aks-agentpool-16759353-vmss000001,cadvisor,,azure-store,order-service-5b6fbf9bcc-lkrhh,1747198800,0.0000004396852341196896
aks-sk-aks-eus2-dev,,total,/kubepods.slice/kubepods-burstable.slice/kubepods-burstable-podc3c55c37_94a1_4d3f_87c6_8b2d98679cb0.slice,,aks-agentpool-16759353-vmss000001,cadvisor,,azure-store,order-service-5b6fbf9bcc-lkrhh,1747285200,0.0000004396852341196896
aks-sk-aks-eus2-dev,,total,/kubepods.slice/kubepods-burstable.slice/kubepods-burstable-podc3c55c37_94a1_4d3f_87c6_8b2d98679cb0.slice,,aks-agentpool-16759353-vmss000001,cadvisor,,azure-store,order-service-5b6fbf9bcc-lkrhh,1747371600,0.0000004396852341196896
aks-sk-aks-eus2-dev,,total,/kubepods.slice/kubepods-burstable.slice/kubepods-burstable-pode5d54eb0_73fc_44e7_be82_20f50c141e4f.slice/cri-containerd-e70fe3deb61015baa1548df3d3c8c3da319e684c9d3eb051e2adc42b63a2b9c5.scope,mcr.microsoft.com/oss/kubernetes/pause:3.6,aks-agentpool-16759353-vmss000009,cadvisor,e70fe3deb61015baa1548df3d3c8c3da319e684c9d3eb051e2adc42b63a2b9c5,azure-store,product-service-6f9df459d6-kqpp5,1746766800,0
aks-sk-aks-eus2-dev,,total,/kubepods.slice/kubepods-burstable.slice/kubepods-burstable-pode5d54eb0_73fc_44e7_be82_20f50c141e4f.slice/cri-containerd-e70fe3deb61015baa1548df3d3c8c3da319e684c9d3eb051e2adc42b63a2b9c5.scope,mcr.microsoft.com/oss/kubernetes/pause:3.6,aks-agentpool-16759353-vmss000009,cadvisor,e70fe3deb61015baa1548df3d3c8c3da319e684c9d3eb051e2adc42b63a2b9c5,azure-store,product-service-6f9df459d6-kqpp5,1746853200,0
aks-sk-aks-eus2-dev,,total,/kubepods.slice/kubepods-burstable.slice/kubepods-burstable-pode5d54eb0_73fc_44e7_be82_20f50c141e4f.slice/cri-containerd-e70fe3deb61015baa1548df3d3c8c3da319e684c9d3eb051e2adc42b63a2b9c5.scope,mcr.microsoft.com/oss/kubernetes/pause:3.6,aks-agentpool-16759353-vmss000009,cadvisor,e70fe3deb61015baa1548df3d3c8c3da319e684c9d3eb051e2adc42b63a2b9c5,azure-store,product-service-6f9df459d6-kqpp5,1746939600,0
aks-sk-aks-eus2-dev,,total,/kubepods.slice/kubepods-burstable.slice/kubepods-burstable-pode5d54eb0_73fc_44e7_be82_20f50c141e4f.slice/cri-containerd-e70fe3deb61015baa1548df3d3c8c3da319e684c9d3eb051e2adc42b63a2b9c5.scope,mcr.microsoft.com/oss/kubernetes/pause:3.6,aks-agentpool-16759353-vmss000009,cadvisor,e70fe3deb61015baa1548df3d3c8c3da319e684c9d3eb051e2adc42b63a2b9c5,azure-store,product-service-6f9df459d6-kqpp5,1747026000,0
aks-sk-aks-eus2-dev,,total,/kubepods.slice/kubepods-burstable.slice/kubepods-burstable-pode5d54eb0_73fc_44e7_be82_20f50c141e4f.slice/cri-containerd-e70fe3deb61015baa1548df3d3c8c3da319e684c9d3eb051e2adc42b63a2b9c5.scope,mcr.microsoft.com/oss/kubernetes/pause:3.6,aks-agentpool-16759353-vmss000009,cadvisor,e70fe3deb61015baa1548df3d3c8c3da319e684c9d3eb051e2adc42b63a2b9c5,azure-store,product-service-6f9df459d6-kqpp5,1747112400,0
aks-sk-aks-eus2-dev,,total,/kubepods.slice/kubepods-burstable.slice/kubepods-burstable-pode5d54eb0_73fc_44e7_be82_20f50c141e4f.slice/cri-containerd-e70fe3deb61015baa1548df3d3c8c3da319e684c9d3eb051e2adc42b63a2b9c5.scope,mcr.microsoft.com/oss/kubernetes/pause:3.6,aks-agentpool-16759353-vmss000009,cadvisor,e70fe3deb61015baa1548df3d3c8c3da319e684c9d3eb051e2adc42b63a2b9c5,azure-store,product-service-6f9df459d6-kqpp5,1747198800,0
aks-sk-aks-eus2-dev,,total,/kubepods.slice/kubepods-burstable.slice/kubepods-burstable-pode5d54eb0_73fc_44e7_be82_20f50c141e4f.slice/cri-containerd-e70fe3deb61015baa1548df3d3c8c3da319e684c9d3eb051e2adc42b63a2b9c5.scope,mcr.microsoft.com/oss/kubernetes/pause:3.6,aks-agentpool-16759353-vmss000009,cadvisor,e70fe3deb61015baa1548df3d3c8c3da319e684c9d3eb051e2adc42b63a2b9c5,azure-store,product-service-6f9df459d6-kqpp5,1747285200,0
aks-sk-aks-eus2-dev,,total,/kubepods.slice/kubepods-burstable.slice/kubepods-burstable-pode5d54eb0_73fc_44e7_be82_20f50c141e4f.slice/cri-containerd-e70fe3deb61015baa1548df3d3c8c3da319e684c9d3eb051e2adc42b63a2b9c5.scope,mcr.microsoft.com/oss/kubernetes/pause:3.6,aks-agentpool-16759353-vmss000009,cadvisor,e70fe3deb61015baa1548df3d3c8c3da319e684c9d3eb051e2adc42b63a2b9c5,azure-store,product-service-6f9df459d6-kqpp5,1747371600,0
aks-sk-aks-eus2-dev,,total,/kubepods.slice/kubepods-burstable.slice/kubepods-burstable-pode5d54eb0_73fc_44e7_be82_20f50c141e4f.slice,,aks-agentpool-16759353-vmss000009,cadvisor,,azure-store,product-service-6f9df459d6-kqpp5,1746766800,0.0000014670286851884478
aks-sk-aks-eus2-dev,,total,/kubepods.slice/kubepods-burstable.slice/kubepods-burstable-pode5d54eb0_73fc_44e7_be82_20f50c141e4f.slice,,aks-agentpool-16759353-vmss000009,cadvisor,,azure-store,product-service-6f9df459d6-kqpp5,1746853200,0.0000014670286851884478
aks-sk-aks-eus2-dev,,total,/kubepods.slice/kubepods-burstable.slice/kubepods-burstable-pode5d54eb0_73fc_44e7_be82_20f50c141e4f.slice,,aks-agentpool-16759353-vmss000009,cadvisor,,azure-store,product-service-6f9df459d6-kqpp5,1746939600,0.0000014670286851884478
aks-sk-aks-eus2-dev,,total,/kubepods.slice/kubepods-burstable.slice/kubepods-burstable-pode5d54eb0_73fc_44e7_be82_20f50c141e4f.slice,,aks-agentpool-16759353-vmss000009,cadvisor,,azure-store,product-service-6f9df459d6-kqpp5,1747026000,0.0000014670286851884478
aks-sk-aks-eus2-dev,,total,/kubepods.slice/kubepods-burstable.slice/kubepods-burstable-pode5d54eb0_73fc_44e7_be82_20f50c141e4f.slice,,aks-agentpool-16759353-vmss000009,cadvisor,,azure-store,product-service-6f9df459d6-kqpp5,1747112400,0.0000014670286851884478
aks-sk-aks-eus2-dev,,total,/kubepods.slice/kubepods-burstable.slice/kubepods-burstable-pode5d54eb0_73fc_44e7_be82_20f50c141e4f.slice,,aks-agentpool-16759353-vmss000009,cadvisor,,azure-store,product-service-6f9df459d6-kqpp5,1747198800,0.0000014670286851884478
aks-sk-aks-eus2-dev,,total,/kubepods.slice/kubepods-burstable.slice/kubepods-burstable-pode5d54eb0_73fc_44e7_be82_20f50c141e4f.slice,,aks-agentpool-16759353-vmss000009,cadvisor,,azure-store,product-service-6f9df459d6-kqpp5,1747285200,0.0000014670286851884478
aks-sk-aks-eus2-dev,,total,/kubepods.slice/kubepods-burstable.slice/kubepods-burstable-pode5d54eb0_73fc_44e7_be82_20f50c141e4f.slice,,aks-agentpool-16759353-vmss000009,cadvisor,,azure-store,product-service-6f9df459d6-kqpp5,1747371600,0.0000014670286851884478
aks-sk-aks-eus2-dev,,total,/kubepods.slice/kubepods-burstable.slice/kubepods-burstable-pode6e73630_681a_4ab5_833a_f96f9f377abe.slice/cri-containerd-2054a9c4411bf561a9468eeab0bd426a9a975bc5f4a2a387a2e93a25de128131.scope,mcr.microsoft.com/oss/kubernetes/pause:3.6,aks-agentpool-16759353-vmss000005,cadvisor,2054a9c4411bf561a9468eeab0bd426a9a975bc5f4a2a387a2e93a25de128131,azure-store,order-service-5b6fbf9bcc-qw7tp,1746594000,0
aks-sk-aks-eus2-dev,,total,/kubepods.slice/kubepods-burstable.slice/kubepods-burstable-pode6e73630_681a_4ab5_833a_f96f9f377abe.slice/cri-containerd-2054a9c4411bf561a9468eeab0bd426a9a975bc5f4a2a387a2e93a25de128131.scope,mcr.microsoft.com/oss/kubernetes/pause:3.6,aks-agentpool-16759353-vmss000005,cadvisor,2054a9c4411bf561a9468eeab0bd426a9a975bc5f4a2a387a2e93a25de128131,azure-store,order-service-5b6fbf9bcc-qw7tp,1746680400,0
aks-sk-aks-eus2-dev,,total,/kubepods.slice/kubepods-burstable.slice/kubepods-burstable-pode6e73630_681a_4ab5_833a_f96f9f377abe.slice/cri-containerd-2054a9c4411bf561a9468eeab0bd426a9a975bc5f4a2a387a2e93a25de128131.scope,mcr.microsoft.com/oss/kubernetes/pause:3.6,aks-agentpool-16759353-vmss000005,cadvisor,2054a9c4411bf561a9468eeab0bd426a9a975bc5f4a2a387a2e93a25de128131,azure-store,order-service-5b6fbf9bcc-qw7tp,1746766800,0
aks-sk-aks-eus2-dev,,total,/kubepods.slice/kubepods-burstable.slice/kubepods-burstable-pode6e73630_681a_4ab5_833a_f96f9f377abe.slice/cri-containerd-2054a9c4411bf561a9468eeab0bd426a9a975bc5f4a2a387a2e93a25de128131.scope,mcr.microsoft.com/oss/kubernetes/pause:3.6,aks-agentpool-16759353-vmss000005,cadvisor,2054a9c4411bf561a9468eeab0bd426a9a975bc5f4a2a387a2e93a25de128131,azure-store,order-service-5b6fbf9bcc-qw7tp,1746853200,0
aks-sk-aks-eus2-dev,,total,/kubepods.slice/kubepods-burstable.slice/kubepods-burstable-pode6e73630_681a_4ab5_833a_f96f9f377abe.slice/cri-containerd-2054a9c4411bf561a9468eeab0bd426a9a975bc5f4a2a387a2e93a25de128131.scope,mcr.microsoft.com/oss/kubernetes/pause:3.6,aks-agentpool-16759353-vmss000005,cadvisor,2054a9c4411bf561a9468eeab0bd426a9a975bc5f4a2a387a2e93a25de128131,azure-store,order-service-5b6fbf9bcc-qw7tp,1746939600,0
aks-sk-aks-eus2-dev,,total,/kubepods.slice/kubepods-burstable.slice/kubepods-burstable-pode6e73630_681a_4ab5_833a_f96f9f377abe.slice/cri-containerd-2054a9c4411bf561a9468eeab0bd426a9a975bc5f4a2a387a2e93a25de128131.scope,mcr.microsoft.com/oss/kubernetes/pause:3.6,aks-agentpool-16759353-vmss000005,cadvisor,2054a9c4411bf561a9468eeab0bd426a9a975bc5f4a2a387a2e93a25de128131,azure-store,order-service-5b6fbf9bcc-qw7tp,1747026000,0
aks-sk-aks-eus2-dev,,total,/kubepods.slice/kubepods-burstable.slice/kubepods-burstable-pode6e73630_681a_4ab5_833a_f96f9f377abe.slice/cri-containerd-2054a9c4411bf561a9468eeab0bd426a9a975bc5f4a2a387a2e93a25de128131.scope,mcr.microsoft.com/oss/kubernetes/pause:3.6,aks-agentpool-16759353-vmss000005,cadvisor,2054a9c4411bf561a9468eeab0bd426a9a975bc5f4a2a387a2e93a25de128131,azure-store,order-service-5b6fbf9bcc-qw7tp,1747112400,0
aks-sk-aks-eus2-dev,,total,/kubepods.slice/kubepods-burstable.slice/kubepods-burstable-pode6e73630_681a_4ab5_833a_f96f9f377abe.slice/cri-containerd-2054a9c4411bf561a9468eeab0bd426a9a975bc5f4a2a387a2e93a25de128131.scope,mcr.microsoft.com/oss/kubernetes/pause:3.6,aks-agentpool-16759353-vmss000005,cadvisor,2054a9c4411bf561a9468eeab0bd426a9a975bc5f4a2a387a2e93a25de128131,azure-store,order-service-5b6fbf9bcc-qw7tp,1747198800,0
aks-sk-aks-eus2-dev,,total,/kubepods.slice/kubepods-burstable.slice/kubepods-burstable-pode6e73630_681a_4ab5_833a_f96f9f377abe.slice/cri-containerd-2054a9c4411bf561a9468eeab0bd426a9a975bc5f4a2a387a2e93a25de128131.scope,mcr.microsoft.com/oss/kubernetes/pause:3.6,aks-agentpool-16759353-vmss000005,cadvisor,2054a9c4411bf561a9468eeab0bd426a9a975bc5f4a2a387a2e93a25de128131,azure-store,order-service-5b6fbf9bcc-qw7tp,1747285200,0
aks-sk-aks-eus2-dev,,total,/kubepods.slice/kubepods-burstable.slice/kubepods-burstable-pode6e73630_681a_4ab5_833a_f96f9f377abe.slice/cri-containerd-2054a9c4411bf561a9468eeab0bd426a9a975bc5f4a2a387a2e93a25de128131.scope,mcr.microsoft.com/oss/kubernetes/pause:3.6,aks-agentpool-16759353-vmss000005,cadvisor,2054a9c4411bf561a9468eeab0bd426a9a975bc5f4a2a387a2e93a25de128131,azure-store,order-service-5b6fbf9bcc-qw7tp,1747371600,0
aks-sk-aks-eus2-dev,,total,/kubepods.slice/kubepods-burstable.slice/kubepods-burstable-pode6e73630_681a_4ab5_833a_f96f9f377abe.slice,,aks-agentpool-16759353-vmss000005,cadvisor,,azure-store,order-service-5b6fbf9bcc-qw7tp,1746594000,0.00000008070670424829696
aks-sk-aks-eus2-dev,,total,/kubepods.slice/kubepods-burstable.slice/kubepods-burstable-pode6e73630_681a_4ab5_833a_f96f9f377abe.slice,,aks-agentpool-16759353-vmss000005,cadvisor,,azure-store,order-service-5b6fbf9bcc-qw7tp,1746680400,0.00000008711782252050712
aks-sk-aks-eus2-dev,,total,/kubepods.slice/kubepods-burstable.slice/kubepods-burstable-pode6e73630_681a_4ab5_833a_f96f9f377abe.slice,,aks-agentpool-16759353-vmss000005,cadvisor,,azure-store,order-service-5b6fbf9bcc-qw7tp,1746766800,0.00000008711782252050712
aks-sk-aks-eus2-dev,,total,/kubepods.slice/kubepods-burstable.slice/kubepods-burstable-pode6e73630_681a_4ab5_833a_f96f9f377abe.slice,,aks-agentpool-16759353-vmss000005,cadvisor,,azure-store,order-service-5b6fbf9bcc-qw7tp,1746853200,0.00000008711782252050712
aks-sk-aks-eus2-dev,,total,/kubepods.slice/kubepods-burstable.slice/kubepods-burstable-pode6e73630_681a_4ab5_833a_f96f9f377abe.slice,,aks-agentpool-16759353-vmss000005,cadvisor,,azure-store,order-service-5b6fbf9bcc-qw7tp,1746939600,0.00000008711782252050712
aks-sk-aks-eus2-dev,,total,/kubepods.slice/kubepods-burstable.slice/kubepods-burstable-pode6e73630_681a_4ab5_833a_f96f9f377abe.slice,,aks-agentpool-16759353-vmss000005,cadvisor,,azure-store,order-service-5b6fbf9bcc-qw7tp,1747026000,0.00000008711782252050712
aks-sk-aks-eus2-dev,,total,/kubepods.slice/kubepods-burstable.slice/kubepods-burstable-pode6e73630_681a_4ab5_833a_f96f9f377abe.slice,,aks-agentpool-16759353-vmss000005,cadvisor,,azure-store,order-service-5b6fbf9bcc-qw7tp,1747112400,0.00000008711782252050712
aks-sk-aks-eus2-dev,,total,/kubepods.slice/kubepods-burstable.slice/kubepods-burstable-pode6e73630_681a_4ab5_833a_f96f9f377abe.slice,,aks-agentpool-16759353-vmss000005,cadvisor,,azure-store,order-service-5b6fbf9bcc-qw7tp,1747198800,0.00000008711782252050712
aks-sk-aks-eus2-dev,,total,/kubepods.slice/kubepods-burstable.slice/kubepods-burstable-pode6e73630_681a_4ab5_833a_f96f9f377abe.slice,,aks-agentpool-16759353-vmss000005,cadvisor,,azure-store,order-service-5b6fbf9bcc-qw7tp,1747285200,0.00000008711782252050712
aks-sk-aks-eus2-dev,,total,/kubepods.slice/kubepods-burstable.slice/kubepods-burstable-pode6e73630_681a_4ab5_833a_f96f9f377abe.slice,,aks-agentpool-16759353-vmss000005,cadvisor,,azure-store,order-service-5b6fbf9bcc-qw7tp,1747371600,0.00000008711782252050712
aks-sk-aks-eus2-dev,,total,/kubepods.slice/kubepods-burstable.slice/kubepods-burstable-podea8ae0a7_5c30_4f4d_9c19_3a86903efd1e.slice/cri-containerd-3eb071061f09727e7053204e442c12cac60625bce7fda3edb821c22b65951f2d.scope,mcr.microsoft.com/oss/kubernetes/pause:3.6,aks-agentpool-16759353-vmss000003,cadvisor,3eb071061f09727e7053204e442c12cac60625bce7fda3edb821c22b65951f2d,azure-store,order-service-5b6fbf9bcc-95kj4,1746594000,0
aks-sk-aks-eus2-dev,,total,/kubepods.slice/kubepods-burstable.slice/kubepods-burstable-podea8ae0a7_5c30_4f4d_9c19_3a86903efd1e.slice/cri-containerd-3eb071061f09727e7053204e442c12cac60625bce7fda3edb821c22b65951f2d.scope,mcr.microsoft.com/oss/kubernetes/pause:3.6,aks-agentpool-16759353-vmss000003,cadvisor,3eb071061f09727e7053204e442c12cac60625bce7fda3edb821c22b65951f2d,azure-store,order-service-5b6fbf9bcc-95kj4,1746680400,0
aks-sk-aks-eus2-dev,,total,/kubepods.slice/kubepods-burstable.slice/kubepods-burstable-podea8ae0a7_5c30_4f4d_9c19_3a86903efd1e.slice/cri-containerd-3eb071061f09727e7053204e442c12cac60625bce7fda3edb821c22b65951f2d.scope,mcr.microsoft.com/oss/kubernetes/pause:3.6,aks-agentpool-16759353-vmss000003,cadvisor,3eb071061f09727e7053204e442c12cac60625bce7fda3edb821c22b65951f2d,azure-store,order-service-5b6fbf9bcc-95kj4,1746766800,0
aks-sk-aks-eus2-dev,,total,/kubepods.slice/kubepods-burstable.slice/kubepods-burstable-podea8ae0a7_5c30_4f4d_9c19_3a86903efd1e.slice/cri-containerd-3eb071061f09727e7053204e442c12cac60625bce7fda3edb821c22b65951f2d.scope,mcr.microsoft.com/oss/kubernetes/pause:3.6,aks-agentpool-16759353-vmss000003,cadvisor,3eb071061f09727e7053204e442c12cac60625bce7fda3edb821c22b65951f2d,azure-store,order-service-5b6fbf9bcc-95kj4,1746853200,0
aks-sk-aks-eus2-dev,,total,/kubepods.slice/kubepods-burstable.slice/kubepods-burstable-podea8ae0a7_5c30_4f4d_9c19_3a86903efd1e.slice/cri-containerd-3eb071061f09727e7053204e442c12cac60625bce7fda3edb821c22b65951f2d.scope,mcr.microsoft.com/oss/kubernetes/pause:3.6,aks-agentpool-16759353-vmss000003,cadvisor,3eb071061f09727e7053204e442c12cac60625bce7fda3edb821c22b65951f2d,azure-store,order-service-5b6fbf9bcc-95kj4,1746939600,0
aks-sk-aks-eus2-dev,,total,/kubepods.slice/kubepods-burstable.slice/kubepods-burstable-podea8ae0a7_5c30_4f4d_9c19_3a86903efd1e.slice/cri-containerd-3eb071061f09727e7053204e442c12cac60625bce7fda3edb821c22b65951f2d.scope,mcr.microsoft.com/oss/kubernetes/pause:3.6,aks-agentpool-16759353-vmss000003,cadvisor,3eb071061f09727e7053204e442c12cac60625bce7fda3edb821c22b65951f2d,azure-store,order-service-5b6fbf9bcc-95kj4,1747026000,0
aks-sk-aks-eus2-dev,,total,/kubepods.slice/kubepods-burstable.slice/kubepods-burstable-podea8ae0a7_5c30_4f4d_9c19_3a86903efd1e.slice/cri-containerd-3eb071061f09727e7053204e442c12cac60625bce7fda3edb821c22b65951f2d.scope,mcr.microsoft.com/oss/kubernetes/pause:3.6,aks-agentpool-16759353-vmss000003,cadvisor,3eb071061f09727e7053204e442c12cac60625bce7fda3edb821c22b65951f2d,azure-store,order-service-5b6fbf9bcc-95kj4,1747112400,0
aks-sk-aks-eus2-dev,,total,/kubepods.slice/kubepods-burstable.slice/kubepods-burstable-podea8ae0a7_5c30_4f4d_9c19_3a86903efd1e.slice/cri-containerd-3eb071061f09727e7053204e442c12cac60625bce7fda3edb821c22b65951f2d.scope,mcr.microsoft.com/oss/kubernetes/pause:3.6,aks-agentpool-16759353-vmss000003,cadvisor,3eb071061f09727e7053204e442c12cac60625bce7fda3edb821c22b65951f2d,azure-store,order-service-5b6fbf9bcc-95kj4,1747198800,0
aks-sk-aks-eus2-dev,,total,/kubepods.slice/kubepods-burstable.slice/kubepods-burstable-podea8ae0a7_5c30_4f4d_9c19_3a86903efd1e.slice/cri-containerd-3eb071061f09727e7053204e442c12cac60625bce7fda3edb821c22b65951f2d.scope,mcr.microsoft.com/oss/kubernetes/pause:3.6,aks-agentpool-16759353-vmss000003,cadvisor,3eb071061f09727e7053204e442c12cac60625bce7fda3edb821c22b65951f2d,azure-store,order-service-5b6fbf9bcc-95kj4,1747285200,0
aks-sk-aks-eus2-dev,,total,/kubepods.slice/kubepods-burstable.slice/kubepods-burstable-podea8ae0a7_5c30_4f4d_9c19_3a86903efd1e.slice/cri-containerd-3eb071061f09727e7053204e442c12cac60625bce7fda3edb821c22b65951f2d.scope,mcr.microsoft.com/oss/kubernetes/pause:3.6,aks-agentpool-16759353-vmss000003,cadvisor,3eb071061f09727e7053204e442c12cac60625bce7fda3edb821c22b65951f2d,azure-store,order-service-5b6fbf9bcc-95kj4,1747371600,0
aks-sk-aks-eus2-dev,,total,/kubepods.slice/kubepods-burstable.slice/kubepods-burstable-podea8ae0a7_5c30_4f4d_9c19_3a86903efd1e.slice,,aks-agentpool-16759353-vmss000003,cadvisor,,azure-store,order-service-5b6fbf9bcc-95kj4,1746594000,0.00000007844053714606815
aks-sk-aks-eus2-dev,,total,/kubepods.slice/kubepods-burstable.slice/kubepods-burstable-podea8ae0a7_5c30_4f4d_9c19_3a86903efd1e.slice,,aks-agentpool-16759353-vmss000003,cadvisor,,azure-store,order-service-5b6fbf9bcc-95kj4,1746680400,0.00000007844053714606815
aks-sk-aks-eus2-dev,,total,/kubepods.slice/kubepods-burstable.slice/kubepods-burstable-podea8ae0a7_5c30_4f4d_9c19_3a86903efd1e.slice,,aks-agentpool-16759353-vmss000003,cadvisor,,azure-store,order-service-5b6fbf9bcc-95kj4,1746766800,0.00000007844053714606815
aks-sk-aks-eus2-dev,,total,/kubepods.slice/kubepods-burstable.slice/kubepods-burstable-podea8ae0a7_5c30_4f4d_9c19_3a86903efd1e.slice,,aks-agentpool-16759353-vmss000003,cadvisor,,azure-store,order-service-5b6fbf9bcc-95kj4,1746853200,0.00000007844053714606815
aks-sk-aks-eus2-dev,,total,/kubepods.slice/kubepods-burstable.slice/kubepods-burstable-podea8ae0a7_5c30_4f4d_9c19_3a86903efd1e.slice,,aks-agentpool-16759353-vmss000003,cadvisor,,azure-store,order-service-5b6fbf9bcc-95kj4,1746939600,0.00000007844053714606815
aks-sk-aks-eus2-dev,,total,/kubepods.slice/kubepods-burstable.slice/kubepods-burstable-podea8ae0a7_5c30_4f4d_9c19_3a86903efd1e.slice,,aks-agentpool-16759353-vmss000003,cadvisor,,azure-store,order-service-5b6fbf9bcc-95kj4,1747026000,0.00000007844053714606815
aks-sk-aks-eus2-dev,,total,/kubepods.slice/kubepods-burstable.slice/kubepods-burstable-podea8ae0a7_5c30_4f4d_9c19_3a86903efd1e.slice,,aks-agentpool-16759353-vmss000003,cadvisor,,azure-store,order-service-5b6fbf9bcc-95kj4,1747112400,0.00000007844053714606815
aks-sk-aks-eus2-dev,,total,/kubepods.slice/kubepods-burstable.slice/kubepods-burstable-podea8ae0a7_5c30_4f4d_9c19_3a86903efd1e.slice,,aks-agentpool-16759353-vmss000003,cadvisor,,azure-store,order-service-5b6fbf9bcc-95kj4,1747198800,0.00000007844053714606815
aks-sk-aks-eus2-dev,,total,/kubepods.slice/kubepods-burstable.slice/kubepods-burstable-podea8ae0a7_5c30_4f4d_9c19_3a86903efd1e.slice,,aks-agentpool-16759353-vmss000003,cadvisor,,azure-store,order-service-5b6fbf9bcc-95kj4,1747285200,0.00000007844053714606815
aks-sk-aks-eus2-dev,,total,/kubepods.slice/kubepods-burstable.slice/kubepods-burstable-podea8ae0a7_5c30_4f4d_9c19_3a86903efd1e.slice,,aks-agentpool-16759353-vmss000003,cadvisor,,azure-store,order-service-5b6fbf9bcc-95kj4,1747371600,0.00000007844053714606815
aks-sk-aks-eus2-dev,,total,/kubepods.slice/kubepods-burstable.slice/kubepods-burstable-podf888784f_3afc_4a7c_82a3_c7d955a03d25.slice/cri-containerd-d94a6cd1b7b60734ac475ce2944a4ed21d0303ce80c4084b62bde56e1378d2bf.scope,mcr.microsoft.com/oss/kubernetes/pause:3.6,aks-agentpool-16759353-vmss000000,cadvisor,d94a6cd1b7b60734ac475ce2944a4ed21d0303ce80c4084b62bde56e1378d2bf,azure-store,rabbitmq-5dd7b7f876-ncbc5,1746507600,0.00000000027040444632449676
aks-sk-aks-eus2-dev,,total,/kubepods.slice/kubepods-burstable.slice/kubepods-burstable-podf888784f_3afc_4a7c_82a3_c7d955a03d25.slice/cri-containerd-d94a6cd1b7b60734ac475ce2944a4ed21d0303ce80c4084b62bde56e1378d2bf.scope,mcr.microsoft.com/oss/kubernetes/pause:3.6,aks-agentpool-16759353-vmss000000,cadvisor,d94a6cd1b7b60734ac475ce2944a4ed21d0303ce80c4084b62bde56e1378d2bf,azure-store,rabbitmq-5dd7b7f876-ncbc5,1746594000,0.0000000002705581653957876
aks-sk-aks-eus2-dev,,total,/kubepods.slice/kubepods-burstable.slice/kubepods-burstable-podf888784f_3afc_4a7c_82a3_c7d955a03d25.slice/cri-containerd-d94a6cd1b7b60734ac475ce2944a4ed21d0303ce80c4084b62bde56e1378d2bf.scope,mcr.microsoft.com/oss/kubernetes/pause:3.6,aks-agentpool-16759353-vmss000000,cadvisor,d94a6cd1b7b60734ac475ce2944a4ed21d0303ce80c4084b62bde56e1378d2bf,azure-store,rabbitmq-5dd7b7f876-ncbc5,1746680400,0.0000000002705581653957876
aks-sk-aks-eus2-dev,,total,/kubepods.slice/kubepods-burstable.slice/kubepods-burstable-podf888784f_3afc_4a7c_82a3_c7d955a03d25.slice/cri-containerd-d94a6cd1b7b60734ac475ce2944a4ed21d0303ce80c4084b62bde56e1378d2bf.scope,mcr.microsoft.com/oss/kubernetes/pause:3.6,aks-agentpool-16759353-vmss000000,cadvisor,d94a6cd1b7b60734ac475ce2944a4ed21d0303ce80c4084b62bde56e1378d2bf,azure-store,rabbitmq-5dd7b7f876-ncbc5,1746766800,0.0000000002705581653957876
aks-sk-aks-eus2-dev,,total,/kubepods.slice/kubepods-burstable.slice/kubepods-burstable-podf888784f_3afc_4a7c_82a3_c7d955a03d25.slice/cri-containerd-d94a6cd1b7b60734ac475ce2944a4ed21d0303ce80c4084b62bde56e1378d2bf.scope,mcr.microsoft.com/oss/kubernetes/pause:3.6,aks-agentpool-16759353-vmss000000,cadvisor,d94a6cd1b7b60734ac475ce2944a4ed21d0303ce80c4084b62bde56e1378d2bf,azure-store,rabbitmq-5dd7b7f876-ncbc5,1746853200,0.0000000002705581653957876
aks-sk-aks-eus2-dev,,total,/kubepods.slice/kubepods-burstable.slice/kubepods-burstable-podf888784f_3afc_4a7c_82a3_c7d955a03d25.slice/cri-containerd-d94a6cd1b7b60734ac475ce2944a4ed21d0303ce80c4084b62bde56e1378d2bf.scope,mcr.microsoft.com/oss/kubernetes/pause:3.6,aks-agentpool-16759353-vmss000000,cadvisor,d94a6cd1b7b60734ac475ce2944a4ed21d0303ce80c4084b62bde56e1378d2bf,azure-store,rabbitmq-5dd7b7f876-ncbc5,1746939600,0.0000000002705581653957876
aks-sk-aks-eus2-dev,,total,/kubepods.slice/kubepods-burstable.slice/kubepods-burstable-podf888784f_3afc_4a7c_82a3_c7d955a03d25.slice/cri-containerd-d94a6cd1b7b60734ac475ce2944a4ed21d0303ce80c4084b62bde56e1378d2bf.scope,mcr.microsoft.com/oss/kubernetes/pause:3.6,aks-agentpool-16759353-vmss000000,cadvisor,d94a6cd1b7b60734ac475ce2944a4ed21d0303ce80c4084b62bde56e1378d2bf,azure-store,rabbitmq-5dd7b7f876-ncbc5,1747026000,0.0000000002705581653957876
aks-sk-aks-eus2-dev,,total,/kubepods.slice/kubepods-burstable.slice/kubepods-burstable-podf888784f_3afc_4a7c_82a3_c7d955a03d25.slice/cri-containerd-d94a6cd1b7b60734ac475ce2944a4ed21d0303ce80c4084b62bde56e1378d2bf.scope,mcr.microsoft.com/oss/kubernetes/pause:3.6,aks-agentpool-16759353-vmss000000,cadvisor,d94a6cd1b7b60734ac475ce2944a4ed21d0303ce80c4084b62bde56e1378d2bf,azure-store,rabbitmq-5dd7b7f876-ncbc5,1747112400,0.0000000002705581653957876
aks-sk-aks-eus2-dev,,total,/kubepods.slice/kubepods-burstable.slice/kubepods-burstable-podf888784f_3afc_4a7c_82a3_c7d955a03d25.slice/cri-containerd-d94a6cd1b7b60734ac475ce2944a4ed21d0303ce80c4084b62bde56e1378d2bf.scope,mcr.microsoft.com/oss/kubernetes/pause:3.6,aks-agentpool-16759353-vmss000000,cadvisor,d94a6cd1b7b60734ac475ce2944a4ed21d0303ce80c4084b62bde56e1378d2bf,azure-store,rabbitmq-5dd7b7f876-ncbc5,1747198800,0.0000000002705581653957876
aks-sk-aks-eus2-dev,,total,/kubepods.slice/kubepods-burstable.slice/kubepods-burstable-podf888784f_3afc_4a7c_82a3_c7d955a03d25.slice/cri-containerd-d94a6cd1b7b60734ac475ce2944a4ed21d0303ce80c4084b62bde56e1378d2bf.scope,mcr.microsoft.com/oss/kubernetes/pause:3.6,aks-agentpool-16759353-vmss000000,cadvisor,d94a6cd1b7b60734ac475ce2944a4ed21d0303ce80c4084b62bde56e1378d2bf,azure-store,rabbitmq-5dd7b7f876-ncbc5,1747285200,0.0000000002705581653957876
aks-sk-aks-eus2-dev,,total,/kubepods.slice/kubepods-burstable.slice/kubepods-burstable-podf888784f_3afc_4a7c_82a3_c7d955a03d25.slice/cri-containerd-d94a6cd1b7b60734ac475ce2944a4ed21d0303ce80c4084b62bde56e1378d2bf.scope,mcr.microsoft.com/oss/kubernetes/pause:3.6,aks-agentpool-16759353-vmss000000,cadvisor,d94a6cd1b7b60734ac475ce2944a4ed21d0303ce80c4084b62bde56e1378d2bf,azure-store,rabbitmq-5dd7b7f876-ncbc5,1747371600,0.0000000002705581653957876
aks-sk-aks-eus2-dev,,total,/kubepods.slice/kubepods-burstable.slice/kubepods-burstable-podf888784f_3afc_4a7c_82a3_c7d955a03d25.slice,,aks-agentpool-16759353-vmss000000,cadvisor,,azure-store,rabbitmq-5dd7b7f876-ncbc5,1746507600,0.0000274225359402096
aks-sk-aks-eus2-dev,,total,/kubepods.slice/kubepods-burstable.slice/kubepods-burstable-podf888784f_3afc_4a7c_82a3_c7d955a03d25.slice,,aks-agentpool-16759353-vmss000000,cadvisor,,azure-store,rabbitmq-5dd7b7f876-ncbc5,1746594000,0.00003782586629320421
aks-sk-aks-eus2-dev,,total,/kubepods.slice/kubepods-burstable.slice/kubepods-burstable-podf888784f_3afc_4a7c_82a3_c7d955a03d25.slice,,aks-agentpool-16759353-vmss000000,cadvisor,,azure-store,rabbitmq-5dd7b7f876-ncbc5,1746680400,0.00003782586629320421
aks-sk-aks-eus2-dev,,total,/kubepods.slice/kubepods-burstable.slice/kubepods-burstable-podf888784f_3afc_4a7c_82a3_c7d955a03d25.slice,,aks-agentpool-16759353-vmss000000,cadvisor,,azure-store,rabbitmq-5dd7b7f876-ncbc5,1746766800,0.00003782586629320421
aks-sk-aks-eus2-dev,,total,/kubepods.slice/kubepods-burstable.slice/kubepods-burstable-podf888784f_3afc_4a7c_82a3_c7d955a03d25.slice,,aks-agentpool-16759353-vmss000000,cadvisor,,azure-store,rabbitmq-5dd7b7f876-ncbc5,1746853200,0.00003782586629320421
aks-sk-aks-eus2-dev,,total,/kubepods.slice/kubepods-burstable.slice/kubepods-burstable-podf888784f_3afc_4a7c_82a3_c7d955a03d25.slice,,aks-agentpool-16759353-vmss000000,cadvisor,,azure-store,rabbitmq-5dd7b7f876-ncbc5,1746939600,0.00003782586629320421
aks-sk-aks-eus2-dev,,total,/kubepods.slice/kubepods-burstable.slice/kubepods-burstable-podf888784f_3afc_4a7c_82a3_c7d955a03d25.slice,,aks-agentpool-16759353-vmss000000,cadvisor,,azure-store,rabbitmq-5dd7b7f876-ncbc5,1747026000,0.00003782586629320421
aks-sk-aks-eus2-dev,,total,/kubepods.slice/kubepods-burstable.slice/kubepods-burstable-podf888784f_3afc_4a7c_82a3_c7d955a03d25.slice,,aks-agentpool-16759353-vmss000000,cadvisor,,azure-store,rabbitmq-5dd7b7f876-ncbc5,1747112400,0.00003782586629320421
aks-sk-aks-eus2-dev,,total,/kubepods.slice/kubepods-burstable.slice/kubepods-burstable-podf888784f_3afc_4a7c_82a3_c7d955a03d25.slice,,aks-agentpool-16759353-vmss000000,cadvisor,,azure-store,rabbitmq-5dd7b7f876-ncbc5,1747198800,0.00003782586629320421
aks-sk-aks-eus2-dev,,total,/kubepods.slice/kubepods-burstable.slice/kubepods-burstable-podf888784f_3afc_4a7c_82a3_c7d955a03d25.slice,,aks-agentpool-16759353-vmss000000,cadvisor,,azure-store,rabbitmq-5dd7b7f876-ncbc5,1747285200,0.00003782586629320421
aks-sk-aks-eus2-dev,,total,/kubepods.slice/kubepods-burstable.slice/kubepods-burstable-podf888784f_3afc_4a7c_82a3_c7d955a03d25.slice,,aks-agentpool-16759353-vmss000000,cadvisor,,azure-store,rabbitmq-5dd7b7f876-ncbc5,1747371600,0.00003782586629320421
